cm,abs
3999.01015,0.02348
3998.29592,0.02349
3997.58168,0.02366
3996.86744,0.02388
3996.15321,0.02406
3995.43897,0.02418
3994.72473,0.02425
3994.0105,0.02427
3993.29626,0.02426
3992.58202,0.02427
3991.86779,0.02435
3991.15355,0.02449
3990.43931,0.02459
3989.72508,0.02456
3989.01084,0.02442
3988.2966,0.02432
3987.58237,0.02436
3986.86813,0.02448
3986.15389,0.02458
3985.43966,0.02461
3984.72542,0.02454
3984.01119,0.02441
3983.29695,0.02431
3982.58271,0.02431
3981.86848,0.02436
3981.15424,0.02438
3980.44,0.02429
3979.72577,0.02413
3979.01153,0.02398
3978.29729,0.02392
3977.58306,0.02397
3976.86882,0.02408
3976.15458,0.02414
3975.44035,0.02413
3974.72611,0.02406
3974.01187,0.02394
3973.29764,0.02382
3972.5834,0.02377
3971.86916,0.02382
3971.15493,0.02389
3970.44069,0.02392
3969.72646,0.02392
3969.01222,0.02393
3968.29798,0.02389
3967.58375,0.02378
3966.86951,0.02366
3966.15527,0.02363
3965.44104,0.0237
3964.7268,0.0238
3964.01256,0.02383
3963.29833,0.02375
3962.58409,0.02362
3961.86985,0.02354
3961.15562,0.02359
3960.44138,0.02378
3959.72714,0.02403
3959.01291,0.02419
3958.29867,0.02418
3957.58443,0.02408
3956.8702,0.02399
3956.15596,0.02396
3955.44173,0.02394
3954.72749,0.02392
3954.01325,0.02391
3953.29902,0.02393
3952.58478,0.02401
3951.87054,0.02412
3951.15631,0.02417
3950.44207,0.02409
3949.72783,0.02394
3949.0136,0.02379
3948.29936,0.02368
3947.58512,0.02367
3946.87089,0.02378
3946.15665,0.02396
3945.44241,0.02405
3944.72818,0.02398
3944.01394,0.02377
3943.2997,0.02355
3942.58547,0.02345
3941.87123,0.02357
3941.157,0.0238
3940.44276,0.02398
3939.72852,0.02407
3939.01429,0.02415
3938.30005,0.02426
3937.58581,0.02434
3936.87158,0.02431
3936.15734,0.0242
3935.4431,0.02411
3934.72887,0.02402
3934.01463,0.02384
3933.30039,0.02355
3932.58616,0.02333
3931.87192,0.02333
3931.15768,0.02358
3930.44345,0.02393
3929.72921,0.02422
3929.01497,0.02437
3928.30074,0.02439
3927.5865,0.02432
3926.87227,0.02419
3926.15803,0.02401
3925.44379,0.02385
3924.72956,0.02383
3924.01532,0.02396
3923.30108,0.02415
3922.58685,0.02426
3921.87261,0.02422
3921.15837,0.02402
3920.44414,0.02376
3919.7299,0.02359
3919.01566,0.02356
3918.30143,0.02356
3917.58719,0.02348
3916.87295,0.0234
3916.15872,0.02345
3915.44448,0.02364
3914.73024,0.02385
3914.01601,0.02396
3913.30177,0.02395
3912.58754,0.02386
3911.8733,0.02377
3911.15906,0.02372
3910.44483,0.02368
3909.73059,0.02362
3909.01635,0.02357
3908.30212,0.02356
3907.58788,0.02359
3906.87364,0.02354
3906.15941,0.02328
3905.44517,0.02283
3904.73093,0.02243
3904.0167,0.02227
3903.30246,0.02225
3902.58822,0.02215
3901.87399,0.02201
3901.15975,0.02198
3900.44551,0.02203
3899.73128,0.02206
3899.01704,0.02219
3898.30281,0.02256
3897.58857,0.02302
3896.87433,0.02335
3896.1601,0.02342
3895.44586,0.02332
3894.73162,0.02317
3894.01739,0.02303
3893.30315,0.0228
3892.58891,0.02235
3891.87468,0.02179
3891.16044,0.0215
3890.4462,0.0217
3889.73197,0.02215
3889.01773,0.02248
3888.30349,0.02253
3887.58926,0.02226
3886.87502,0.02171
3886.16078,0.02119
3885.44655,0.02114
3884.73231,0.02153
3884.01808,0.02198
3883.30384,0.02222
3882.5896,0.02227
3881.87537,0.02212
3881.16113,0.02183
3880.44689,0.02164
3879.73266,0.02182
3879.01842,0.02228
3878.30418,0.0227
3877.58995,0.0229
3876.87571,0.0229
3876.16147,0.0227
3875.44724,0.02228
3874.733,0.02182
3874.01876,0.02158
3873.30453,0.02164
3872.59029,0.02177
3871.87606,0.02164
3871.16182,0.0211
3870.44758,0.0204
3869.73335,0.02013
3869.01911,0.02054
3868.30487,0.02125
3867.59064,0.02174
3866.8764,0.02178
3866.16216,0.02138
3865.44793,0.02087
3864.73369,0.02071
3864.01945,0.02102
3863.30522,0.02144
3862.59098,0.02162
3861.87674,0.02167
3861.16251,0.02186
3860.44827,0.0222
3859.73403,0.02244
3859.0198,0.02244
3858.30556,0.02224
3857.59133,0.02198
3856.87709,0.02173
3856.16285,0.02124
3855.44862,0.02013
3854.73438,0.01854
3854.02014,0.01739
3853.30591,0.01738
3852.59167,0.01822
3851.87743,0.01936
3851.1632,0.02052
3850.44896,0.02146
3849.73472,0.022
3849.02049,0.02227
3848.30625,0.02244
3847.59201,0.02257
3846.87778,0.0226
3846.16354,0.02254
3845.4493,0.02233
3844.73507,0.02196
3844.02083,0.02159
3843.3066,0.02147
3842.59236,0.02159
3841.87812,0.02169
3841.16389,0.0216
3840.44965,0.02139
3839.73541,0.02104
3839.02118,0.02043
3838.30694,0.01983
3837.5927,0.01983
3836.87847,0.02048
3836.16423,0.02113
3835.44999,0.02137
3834.73576,0.02141
3834.02152,0.02149
3833.30728,0.02147
3832.59305,0.02124
3831.87881,0.02107
3831.16457,0.02132
3830.45034,0.0219
3829.7361,0.02242
3829.02187,0.02259
3828.30763,0.02242
3827.59339,0.02217
3826.87916,0.02204
3826.16492,0.02207
3825.45068,0.02213
3824.73645,0.02213
3824.02221,0.022
3823.30797,0.02162
3822.59374,0.02091
3821.8795,0.02008
3821.16526,0.01968
3820.45103,0.02003
3819.73679,0.02082
3819.02255,0.02154
3818.30832,0.02176
3817.59408,0.02133
3816.87984,0.02048
3816.16561,0.01995
3815.45137,0.0203
3814.73714,0.0212
3814.0229,0.02189
3813.30866,0.02212
3812.59443,0.02215
3811.88019,0.02217
3811.16595,0.02218
3810.45172,0.02216
3809.73748,0.02209
3809.02324,0.02184
3808.30901,0.02126
3807.59477,0.02045
3806.88053,0.01993
3806.1663,0.02012
3805.45206,0.02076
3804.73782,0.02132
3804.02359,0.02151
3803.30935,0.02121
3802.59511,0.0204
3801.88088,0.01946
3801.16664,0.01918
3800.45241,0.01987
3799.73817,0.02096
3799.02393,0.02172
3798.3097,0.0219
3797.59546,0.02166
3796.88122,0.02127
3796.16699,0.02108
3795.45275,0.02127
3794.73851,0.02167
3794.02428,0.02201
3793.31004,0.02217
3792.5958,0.02224
3791.88157,0.02227
3791.16733,0.02226
3790.45309,0.02219
3789.73886,0.02211
3789.02462,0.02209
3788.31038,0.02216
3787.59615,0.02226
3786.88191,0.02231
3786.16768,0.0222
3785.45344,0.02195
3784.7392,0.02171
3784.02497,0.02164
3783.31073,0.02174
3782.59649,0.02189
3781.88226,0.02198
3781.16802,0.02193
3780.45378,0.02169
3779.73955,0.02141
3779.02531,0.02136
3778.31107,0.02161
3777.59684,0.02194
3776.8826,0.02212
3776.16836,0.02215
3775.45413,0.02218
3774.73989,0.02229
3774.02565,0.02248
3773.31142,0.02265
3772.59718,0.02264
3771.88295,0.02235
3771.16871,0.02179
3770.45447,0.02115
3769.74024,0.02075
3769.026,0.02067
3768.31176,0.02078
3767.59753,0.02088
3766.88329,0.02091
3766.16905,0.02094
3765.45482,0.02109
3764.74058,0.02141
3764.02634,0.02174
3763.31211,0.02188
3762.59787,0.0218
3761.88363,0.02157
3761.1694,0.02124
3760.45516,0.02087
3759.74092,0.02064
3759.02669,0.0207
3758.31245,0.0209
3757.59822,0.02101
3756.88398,0.021
3756.16974,0.02107
3755.45551,0.0213
3754.74127,0.02145
3754.02703,0.02113
3753.3128,0.02026
3752.59856,0.01932
3751.88432,0.019
3751.17009,0.01921
3750.45585,0.01922
3749.74161,0.01891
3749.02738,0.019
3748.31314,0.01983
3747.5989,0.02078
3746.88467,0.02104
3746.17043,0.02024
3745.45619,0.01865
3744.74196,0.01736
3744.02772,0.0176
3743.31349,0.01912
3742.59925,0.02061
3741.88501,0.02139
3741.17078,0.02162
3740.45654,0.02164
3739.7423,0.02157
3739.02807,0.02136
3738.31383,0.02095
3737.59959,0.02039
3736.88536,0.01988
3736.17112,0.0196
3735.45688,0.01958
3734.74265,0.01977
3734.02841,0.01999
3733.31417,0.01995
3732.59994,0.01963
3731.8857,0.01947
3731.17146,0.01984
3730.45723,0.02053
3729.74299,0.02106
3729.02876,0.0212
3728.31452,0.02102
3727.60028,0.0207
3726.88605,0.02045
3726.17181,0.02046
3725.45757,0.02072
3724.74334,0.02097
3724.0291,0.02097
3723.31486,0.0207
3722.60063,0.0204
3721.88639,0.02036
3721.17215,0.02057
3720.45792,0.02081
3719.74368,0.0209
3719.02944,0.02095
3718.31521,0.0211
3717.60097,0.02135
3716.88673,0.02152
3716.1725,0.02149
3715.45826,0.02135
3714.74403,0.02116
3714.02979,0.02079
3713.31555,0.02004
3712.60132,0.01919
3711.88708,0.01885
3711.17284,0.0192
3710.45861,0.01972
3709.74437,0.02005
3709.03013,0.02029
3708.3159,0.02061
3707.60166,0.02092
3706.88742,0.02108
3706.17319,0.02112
3705.45895,0.02113
3704.74471,0.02113
3704.03048,0.02108
3703.31624,0.02091
3702.60201,0.02068
3701.88777,0.02059
3701.17353,0.0208
3700.4593,0.02117
3699.74506,0.02145
3699.03082,0.02151
3698.31659,0.02143
3697.60235,0.02127
3696.88811,0.02109
3696.17388,0.02093
3695.45964,0.02082
3694.7454,0.02079
3694.03117,0.02077
3693.31693,0.02065
3692.60269,0.02037
3691.88846,0.02009
3691.17422,0.02
3690.45998,0.01996
3689.74575,0.01957
3689.03151,0.01884
3688.31728,0.01847
3687.60304,0.01895
3686.8888,0.01986
3686.17457,0.02058
3685.46033,0.02092
3684.74609,0.021
3684.03186,0.02092
3683.31762,0.02075
3682.60338,0.02058
3681.88915,0.02043
3681.17491,0.02028
3680.46067,0.02017
3679.74644,0.02018
3679.0322,0.02027
3678.31796,0.02024
3677.60373,0.01984
3676.88949,0.01902
3676.17525,0.01814
3675.46102,0.01782
3674.74678,0.01835
3674.03255,0.01931
3673.31831,0.02006
3672.60407,0.02017
3671.88984,0.01963
3671.1756,0.01886
3670.46136,0.01846
3669.74713,0.01866
3669.03289,0.01917
3668.31865,0.01974
3667.60442,0.02027
3666.89018,0.02067
3666.17594,0.02082
3665.46171,0.02075
3664.74747,0.02063
3664.03323,0.02061
3663.319,0.02074
3662.60476,0.02091
3661.89052,0.02105
3661.17629,0.02116
3660.46205,0.02122
3659.74782,0.02121
3659.03358,0.02113
3658.31934,0.02093
3657.60511,0.0205
3656.89087,0.0199
3656.17663,0.0195
3655.4624,0.01957
3654.74816,0.01997
3654.03392,0.02037
3653.31969,0.0205
3652.60545,0.02022
3651.89121,0.01959
3651.17698,0.01886
3650.46274,0.01827
3649.7485,0.01796
3649.03427,0.01795
3648.32003,0.01822
3647.60579,0.01865
3646.89156,0.01917
3646.17732,0.01972
3645.46309,0.02019
3644.74885,0.02048
3644.03461,0.02059
3643.32038,0.02059
3642.60614,0.02057
3641.8919,0.02055
3641.17767,0.02052
3640.46343,0.0205
3639.74919,0.02049
3639.03496,0.0205
3638.32072,0.02047
3637.60648,0.02043
3636.89225,0.02043
3636.17801,0.02036
3635.46377,0.02018
3634.74954,0.01998
3634.0353,0.01992
3633.32106,0.02004
3632.60683,0.02017
3631.89259,0.02012
3631.17836,0.01969
3630.46412,0.01888
3629.74988,0.01799
3629.03565,0.01758
3628.32141,0.01791
3627.60717,0.0187
3626.89294,0.01945
3626.1787,0.01989
3625.46446,0.01998
3624.75023,0.01987
3624.03599,0.01978
3623.32175,0.01983
3622.60752,0.01997
3621.89328,0.01998
3621.17904,0.01969
3620.46481,0.0192
3619.75057,0.01882
3619.03633,0.01873
3618.3221,0.0189
3617.60786,0.01922
3616.89363,0.01961
3616.17939,0.01994
3615.46515,0.02009
3614.75092,0.02006
3614.03668,0.01991
3613.32244,0.01967
3612.60821,0.01949
3611.89397,0.01953
3611.17973,0.01971
3610.4655,0.0197
3609.75126,0.01942
3609.03702,0.01912
3608.32279,0.01906
3607.60855,0.01918
3606.89431,0.01935
3606.18008,0.01954
3605.46584,0.01975
3604.7516,0.01991
3604.03737,0.02
3603.32313,0.02011
3602.6089,0.02029
3601.89466,0.02048
3601.18042,0.02057
3600.46619,0.02057
3599.75195,0.02053
3599.03771,0.02045
3598.32348,0.02036
3597.60924,0.02029
3596.895,0.0202
3596.18077,0.02008
3595.46653,0.01999
3594.75229,0.01997
3594.03806,0.01998
3593.32382,0.02005
3592.60958,0.02021
3591.89535,0.02041
3591.18111,0.0205
3590.46687,0.02039
3589.75264,0.02012
3589.0384,0.01981
3588.32417,0.01959
3587.60993,0.01952
3586.89569,0.01961
3586.18146,0.01984
3585.46722,0.02012
3584.75298,0.02029
3584.03875,0.02031
3583.32451,0.02028
3582.61027,0.02028
3581.89604,0.02029
3581.1818,0.02029
3580.46756,0.02027
3579.75333,0.02022
3579.03909,0.0202
3578.32485,0.02027
3577.61062,0.02041
3576.89638,0.02052
3576.18214,0.02056
3575.46791,0.02053
3574.75367,0.02047
3574.03944,0.02041
3573.3252,0.02041
3572.61096,0.02049
3571.89673,0.02056
3571.18249,0.02053
3570.46825,0.0204
3569.75402,0.02026
3569.03978,0.02012
3568.32554,0.01997
3567.61131,0.01983
3566.89707,0.01976
3566.18283,0.01983
3565.4686,0.0201
3564.75436,0.02053
3564.04012,0.0209
3563.32589,0.02104
3562.61165,0.02099
3561.89741,0.02092
3561.18318,0.02094
3560.46894,0.021
3559.75471,0.02101
3559.04047,0.02098
3558.32623,0.02097
3557.612,0.02105
3556.89776,0.02121
3556.18352,0.02134
3555.46929,0.02129
3554.75505,0.02109
3554.04081,0.02088
3553.32658,0.02076
3552.61234,0.02071
3551.8981,0.02069
3551.18387,0.02074
3550.46963,0.02087
3549.75539,0.02101
3549.04116,0.02106
3548.32692,0.02101
3547.61268,0.02094
3546.89845,0.0209
3546.18421,0.0209
3545.46998,0.02094
3544.75574,0.02103
3544.0415,0.02107
3543.32727,0.02098
3542.61303,0.02085
3541.89879,0.02079
3541.18456,0.02084
3540.47032,0.02094
3539.75608,0.02107
3539.04185,0.02123
3538.32761,0.02138
3537.61337,0.02139
3536.89914,0.02128
3536.1849,0.02118
3535.47066,0.02118
3534.75643,0.02125
3534.04219,0.02129
3533.32796,0.02125
3532.61372,0.02119
3531.89948,0.02119
3531.18525,0.02123
3530.47101,0.02126
3529.75677,0.02127
3529.04254,0.02127
3528.3283,0.02125
3527.61406,0.02118
3526.89983,0.02113
3526.18559,0.02117
3525.47135,0.02129
3524.75712,0.0214
3524.04288,0.0214
3523.32864,0.02132
3522.61441,0.02125
3521.90017,0.02128
3521.18593,0.02143
3520.4717,0.02162
3519.75746,0.02173
3519.04323,0.02167
3518.32899,0.02151
3517.61475,0.02139
3516.90052,0.02138
3516.18628,0.02142
3515.47204,0.02144
3514.75781,0.02143
3514.04357,0.0214
3513.32933,0.02135
3512.6151,0.02132
3511.90086,0.02132
3511.18662,0.02134
3510.47239,0.02134
3509.75815,0.02131
3509.04391,0.02129
3508.32968,0.02132
3507.61544,0.02137
3506.9012,0.02143
3506.18697,0.02147
3505.47273,0.02146
3504.7585,0.02135
3504.04426,0.02116
3503.33002,0.02102
3502.61579,0.02102
3501.90155,0.02114
3501.18731,0.0213
3500.47308,0.02144
3499.75884,0.02156
3499.0446,0.02165
3498.33037,0.02172
3497.61613,0.02174
3496.90189,0.02171
3496.18766,0.02163
3495.47342,0.02154
3494.75918,0.02146
3494.04495,0.0214
3493.33071,0.02136
3492.61647,0.02137
3491.90224,0.02142
3491.188,0.0215
3490.47377,0.0216
3489.75953,0.02167
3489.04529,0.02164
3488.33106,0.02151
3487.61682,0.02142
3486.90258,0.0215
3486.18835,0.02168
3485.47411,0.02179
3484.75987,0.02175
3484.04564,0.02164
3483.3314,0.02162
3482.61716,0.02172
3481.90293,0.02188
3481.18869,0.02195
3480.47445,0.02183
3479.76022,0.02163
3479.04598,0.02155
3478.33174,0.02166
3477.61751,0.02187
3476.90327,0.02202
3476.18904,0.02205
3475.4748,0.02199
3474.76056,0.02194
3474.04633,0.02194
3473.33209,0.02196
3472.61785,0.02194
3471.90362,0.02191
3471.18938,0.02199
3470.47514,0.02216
3469.76091,0.02224
3469.04667,0.02212
3468.33243,0.02192
3467.6182,0.02182
3466.90396,0.02191
3466.18972,0.02206
3465.47549,0.02213
3464.76125,0.02209
3464.04701,0.02198
3463.33278,0.02189
3462.61854,0.02183
3461.90431,0.0218
3461.19007,0.02179
3460.47583,0.02182
3459.7616,0.02188
3459.04736,0.02196
3458.33312,0.02201
3457.61889,0.02203
3456.90465,0.02202
3456.19041,0.02202
3455.47618,0.02203
3454.76194,0.02204
3454.0477,0.02206
3453.33347,0.02208
3452.61923,0.02207
3451.90499,0.02203
3451.19076,0.02202
3450.47652,0.02206
3449.76228,0.02215
3449.04805,0.02222
3448.33381,0.02222
3447.61958,0.02211
3446.90534,0.02193
3446.1911,0.02177
3445.47687,0.02169
3444.76263,0.0217
3444.04839,0.02177
3443.33416,0.02185
3442.61992,0.02192
3441.90568,0.02197
3441.19145,0.02196
3440.47721,0.02194
3439.76297,0.02194
3439.04874,0.02197
3438.3345,0.02199
3437.62026,0.02202
3436.90603,0.0221
3436.19179,0.02218
3435.47755,0.02223
3434.76332,0.02221
3434.04908,0.02219
3433.33485,0.02221
3432.62061,0.02224
3431.90637,0.02224
3431.19214,0.0222
3430.4779,0.02217
3429.76366,0.02218
3429.04943,0.02216
3428.33519,0.02209
3427.62095,0.02199
3426.90672,0.02191
3426.19248,0.02189
3425.47824,0.02189
3424.76401,0.02188
3424.04977,0.02188
3423.33553,0.02191
3422.6213,0.02196
3421.90706,0.02194
3421.19282,0.02185
3420.47859,0.02181
3419.76435,0.02185
3419.05012,0.02189
3418.33588,0.02183
3417.62164,0.02176
3416.90741,0.0218
3416.19317,0.02192
3415.47893,0.02198
3414.7647,0.02191
3414.05046,0.02183
3413.33622,0.0219
3412.62199,0.0221
3411.90775,0.02228
3411.19351,0.02232
3410.47928,0.02224
3409.76504,0.02216
3409.0508,0.02211
3408.33657,0.02208
3407.62233,0.02208
3406.90809,0.02212
3406.19386,0.02218
3405.47962,0.02221
3404.76539,0.02219
3404.05115,0.02213
3403.33691,0.02208
3402.62268,0.0221
3401.90844,0.02218
3401.1942,0.02228
3400.47997,0.02235
3399.76573,0.02239
3399.05149,0.02241
3398.33726,0.02241
3397.62302,0.02241
3396.90878,0.02242
3396.19455,0.0224
3395.48031,0.02237
3394.76607,0.02234
3394.05184,0.0223
3393.3376,0.02231
3392.62336,0.02243
3391.90913,0.02261
3391.19489,0.02275
3390.48066,0.02284
3389.76642,0.02289
3389.05218,0.0229
3388.33795,0.02286
3387.62371,0.02281
3386.90947,0.0228
3386.19524,0.0228
3385.481,0.02274
3384.76676,0.02265
3384.05253,0.02257
3383.33829,0.02255
3382.62405,0.02258
3381.90982,0.02266
3381.19558,0.02272
3380.48134,0.02269
3379.76711,0.02258
3379.05287,0.02249
3378.33863,0.02245
3377.6244,0.02245
3376.91016,0.02247
3376.19593,0.02253
3375.48169,0.02263
3374.76745,0.02273
3374.05322,0.02277
3373.33898,0.02279
3372.62474,0.02277
3371.91051,0.02275
3371.19627,0.02277
3370.48203,0.02284
3369.7678,0.02284
3369.05356,0.02271
3368.33932,0.02255
3367.62509,0.02247
3366.91085,0.02248
3366.19661,0.02252
3365.48238,0.02252
3364.76814,0.02247
3364.05391,0.02238
3363.33967,0.02226
3362.62543,0.02218
3361.9112,0.02218
3361.19696,0.02224
3360.48272,0.0223
3359.76849,0.02232
3359.05425,0.02233
3358.34001,0.02238
3357.62578,0.02246
3356.91154,0.02249
3356.1973,0.02245
3355.48307,0.0224
3354.76883,0.02237
3354.05459,0.02236
3353.34036,0.02235
3352.62612,0.02237
3351.91188,0.0224
3351.19765,0.02243
3350.48341,0.02246
3349.76918,0.0225
3349.05494,0.02256
3348.3407,0.02261
3347.62647,0.02259
3346.91223,0.02246
3346.19799,0.02231
3345.48376,0.02223
3344.76952,0.02227
3344.05528,0.02238
3343.34105,0.0225
3342.62681,0.0226
3341.91257,0.02267
3341.19834,0.02271
3340.4841,0.0227
3339.76986,0.02262
3339.05563,0.02248
3338.34139,0.02236
3337.62715,0.02233
3336.91292,0.02236
3336.19868,0.0224
3335.48445,0.02239
3334.77021,0.02236
3334.05597,0.02236
3333.34174,0.02241
3332.6275,0.02247
3331.91326,0.0225
3331.19903,0.0225
3330.48479,0.02248
3329.77055,0.02245
3329.05632,0.02239
3328.34208,0.02232
3327.62784,0.02227
3326.91361,0.02222
3326.19937,0.02221
3325.48513,0.02226
3324.7709,0.02238
3324.05666,0.02252
3323.34242,0.0226
3322.62819,0.02259
3321.91395,0.02251
3321.19972,0.02241
3320.48548,0.02234
3319.77124,0.02231
3319.05701,0.0223
3318.34277,0.02228
3317.62853,0.02227
3316.9143,0.02228
3316.20006,0.0223
3315.48582,0.02229
3314.77159,0.02226
3314.05735,0.02226
3313.34311,0.02231
3312.62888,0.02235
3311.91464,0.02232
3311.2004,0.02221
3310.48617,0.02211
3309.77193,0.02205
3309.05769,0.02209
3308.34346,0.0222
3307.62922,0.02243
3306.91499,0.02273
3306.20075,0.02297
3305.48651,0.02302
3304.77228,0.02288
3304.05804,0.02265
3303.3438,0.02245
3302.62957,0.02239
3301.91533,0.02245
3301.20109,0.02257
3300.48686,0.02267
3299.77262,0.02275
3299.05838,0.02284
3298.34415,0.02293
3297.62991,0.02301
3296.91567,0.02307
3296.20144,0.02313
3295.4872,0.02322
3294.77296,0.02331
3294.05873,0.0234
3293.34449,0.02354
3292.63026,0.02375
3291.91602,0.02394
3291.20178,0.02399
3290.48755,0.0239
3289.77331,0.02371
3289.05907,0.0235
3288.34484,0.02337
3287.6306,0.02336
3286.91636,0.02344
3286.20213,0.02354
3285.48789,0.02359
3284.77365,0.02357
3284.05942,0.02346
3283.34518,0.02331
3282.63094,0.02316
3281.91671,0.02307
3281.20247,0.02305
3280.48823,0.02306
3279.774,0.02307
3279.05976,0.02306
3278.34553,0.02303
3277.63129,0.02302
3276.91705,0.02304
3276.20282,0.02308
3275.48858,0.02309
3274.77434,0.02304
3274.06011,0.02292
3273.34587,0.02287
3272.63163,0.02293
3271.9174,0.02303
3271.20316,0.02303
3270.48892,0.02291
3269.77469,0.02277
3269.06045,0.02264
3268.34621,0.02254
3267.63198,0.02248
3266.91774,0.02245
3266.2035,0.02244
3265.48927,0.02242
3264.77503,0.02239
3264.0608,0.02235
3263.34656,0.02229
3262.63232,0.02225
3261.91809,0.02226
3261.20385,0.02229
3260.48961,0.02228
3259.77538,0.02224
3259.06114,0.02224
3258.3469,0.02229
3257.63267,0.02233
3256.91843,0.02234
3256.20419,0.02233
3255.48996,0.02232
3254.77572,0.02231
3254.06148,0.02227
3253.34725,0.0222
3252.63301,0.02215
3251.91877,0.02213
3251.20454,0.02211
3250.4903,0.02207
3249.77607,0.022
3249.06183,0.02191
3248.34759,0.02183
3247.63336,0.02177
3246.91912,0.02172
3246.20488,0.02169
3245.49065,0.02168
3244.77641,0.02168
3244.06217,0.02171
3243.34794,0.02177
3242.6337,0.02188
3241.91946,0.02199
3241.20523,0.02198
3240.49099,0.02185
3239.77675,0.02172
3239.06252,0.0217
3238.34828,0.02178
3237.63404,0.02185
3236.91981,0.02184
3236.20557,0.02177
3235.49134,0.02173
3234.7771,0.02175
3234.06286,0.02182
3233.34863,0.02188
3232.63439,0.02194
3231.92015,0.02199
3231.20592,0.02199
3230.49168,0.02194
3229.77744,0.0219
3229.06321,0.02191
3228.34897,0.02194
3227.63473,0.02192
3226.9205,0.02186
3226.20626,0.02183
3225.49202,0.02187
3224.77779,0.02193
3224.06355,0.02193
3223.34931,0.02189
3222.63508,0.02189
3221.92084,0.02196
3221.20661,0.02205
3220.49237,0.02211
3219.77813,0.02216
3219.0639,0.0222
3218.34966,0.02226
3217.63542,0.02231
3216.92119,0.0223
3216.20695,0.02218
3215.49271,0.02203
3214.77848,0.02193
3214.06424,0.02195
3213.35,0.02205
3212.63577,0.02215
3211.92153,0.02221
3211.20729,0.02223
3210.49306,0.02221
3209.77882,0.02217
3209.06458,0.02212
3208.35035,0.0221
3207.63611,0.02211
3206.92188,0.02214
3206.20764,0.02217
3205.4934,0.0222
3204.77917,0.02223
3204.06493,0.02223
3203.35069,0.02218
3202.63646,0.02211
3201.92222,0.02203
3201.20798,0.02201
3200.49375,0.02206
3199.77951,0.02215
3199.06527,0.02218
3198.35104,0.02214
3197.6368,0.02205
3196.92256,0.02197
3196.20833,0.02194
3195.49409,0.02192
3194.77986,0.02189
3194.06562,0.02184
3193.35138,0.02184
3192.63715,0.02189
3191.92291,0.02199
3191.20867,0.02207
3190.49444,0.02211
3189.7802,0.0221
3189.06596,0.02208
3188.35173,0.02207
3187.63749,0.02206
3186.92325,0.02202
3186.20902,0.02196
3185.49478,0.02192
3184.78054,0.02191
3184.06631,0.02193
3183.35207,0.02196
3182.63783,0.02195
3181.9236,0.02188
3181.20936,0.02179
3180.49513,0.02171
3179.78089,0.02169
3179.06665,0.02169
3178.35242,0.0217
3177.63818,0.0217
3176.92394,0.0217
3176.20971,0.02171
3175.49547,0.02172
3174.78123,0.02171
3174.067,0.02165
3173.35276,0.02161
3172.63852,0.02161
3171.92429,0.0216
3171.21005,0.02152
3170.49581,0.02143
3169.78158,0.02143
3169.06734,0.02152
3168.3531,0.0216
3167.63887,0.02159
3166.92463,0.02153
3166.2104,0.02147
3165.49616,0.02143
3164.78192,0.0214
3164.06769,0.02139
3163.35345,0.02138
3162.63921,0.02136
3161.92498,0.02133
3161.21074,0.02133
3160.4965,0.02135
3159.78227,0.02137
3159.06803,0.02135
3158.35379,0.0213
3157.63956,0.02123
3156.92532,0.02118
3156.21108,0.02118
3155.49685,0.0212
3154.78261,0.02124
3154.06837,0.02132
3153.35414,0.0214
3152.6399,0.02145
3151.92567,0.02148
3151.21143,0.02153
3150.49719,0.02161
3149.78296,0.02166
3149.06872,0.02159
3148.35448,0.02145
3147.64025,0.02135
3146.92601,0.02133
3146.21177,0.02138
3145.49754,0.02144
3144.7833,0.02149
3144.06906,0.02155
3143.35483,0.0216
3142.64059,0.02162
3141.92635,0.02163
3141.21212,0.02167
3140.49788,0.02169
3139.78364,0.0216
3139.06941,0.02144
3138.35517,0.02132
3137.64094,0.02135
3136.9267,0.02149
3136.21246,0.02164
3135.49823,0.0217
3134.78399,0.02164
3134.06975,0.02153
3133.35552,0.02148
3132.64128,0.02147
3131.92704,0.02145
3131.21281,0.02139
3130.49857,0.02132
3129.78433,0.02131
3129.0701,0.02139
3128.35586,0.0215
3127.64162,0.02155
3126.92739,0.02155
3126.21315,0.02156
3125.49891,0.0216
3124.78468,0.02162
3124.07044,0.02156
3123.35621,0.02148
3122.64197,0.02146
3121.92773,0.02157
3121.2135,0.02171
3120.49926,0.02174
3119.78502,0.02161
3119.07079,0.02145
3118.35655,0.0214
3117.64231,0.02152
3116.92808,0.02168
3116.21384,0.0218
3115.4996,0.02182
3114.78537,0.0218
3114.07113,0.02178
3113.35689,0.02182
3112.64266,0.02188
3111.92842,0.0219
3111.21418,0.0219
3110.49995,0.02195
3109.78571,0.0221
3109.07148,0.02224
3108.35724,0.02225
3107.643,0.02215
3106.92877,0.02207
3106.21453,0.02208
3105.50029,0.02215
3104.78606,0.02223
3104.07182,0.02232
3103.35758,0.02245
3102.64335,0.02257
3101.92911,0.02263
3101.21487,0.02262
3100.50064,0.02257
3099.7864,0.02255
3099.07216,0.0226
3098.35793,0.02271
3097.64369,0.02282
3096.92945,0.02285
3096.21522,0.0228
3095.50098,0.02274
3094.78675,0.02277
3094.07251,0.02292
3093.35827,0.02314
3092.64404,0.02333
3091.9298,0.02347
3091.21556,0.02358
3090.50133,0.02366
3089.78709,0.02373
3089.07285,0.02383
3088.35862,0.02399
3087.64438,0.02423
3086.93014,0.02449
3086.21591,0.0247
3085.50167,0.02481
3084.78743,0.0249
3084.0732,0.02501
3083.35896,0.02512
3082.64472,0.02517
3081.93049,0.02514
3081.21625,0.0251
3080.50202,0.0251
3079.78778,0.02514
3079.07354,0.02524
3078.35931,0.02537
3077.64507,0.0255
3076.93083,0.0256
3076.2166,0.02569
3075.50236,0.0258
3074.78812,0.02595
3074.07389,0.02613
3073.35965,0.02635
3072.64541,0.02659
3071.93118,0.02686
3071.21694,0.02718
3070.5027,0.02762
3069.78847,0.02823
3069.07423,0.02906
3068.35999,0.03006
3067.64576,0.03114
3066.93152,0.03227
3066.21729,0.03343
3065.50305,0.03462
3064.78881,0.03573
3064.07458,0.03662
3063.36034,0.03712
3062.6461,0.03721
3061.93187,0.03696
3061.21763,0.03647
3060.50339,0.03583
3059.78916,0.0351
3059.07492,0.03435
3058.36068,0.03364
3057.64645,0.03299
3056.93221,0.03242
3056.21797,0.0319
3055.50374,0.03143
3054.7895,0.03102
3054.07526,0.03069
3053.36103,0.03041
3052.64679,0.03023
3051.93256,0.03017
3051.21832,0.03024
3050.50408,0.03043
3049.78985,0.03067
3049.07561,0.03093
3048.36137,0.03117
3047.64714,0.03142
3046.9329,0.03173
3046.21866,0.03214
3045.50443,0.03264
3044.79019,0.03321
3044.07595,0.03386
3043.36172,0.03461
3042.64748,0.03547
3041.93324,0.03643
3041.21901,0.03746
3040.50477,0.03857
3039.79053,0.03977
3039.0763,0.04112
3038.36206,0.04269
3037.64783,0.0445
3036.93359,0.04655
3036.21935,0.0489
3035.50512,0.05153
3034.79088,0.05447
3034.07664,0.05777
3033.36241,0.06152
3032.64817,0.06582
3031.93393,0.07078
3031.2197,0.07651
3030.50546,0.08309
3029.79122,0.0906
3029.07699,0.09909
3028.36275,0.10859
3027.64851,0.119
3026.93428,0.13013
3026.22004,0.14168
3025.50581,0.15316
3024.79157,0.16391
3024.07733,0.17312
3023.3631,0.17994
3022.64886,0.18366
3021.93462,0.18394
3021.22039,0.18087
3020.50615,0.17488
3019.79191,0.16667
3019.07768,0.157
3018.36344,0.14659
3017.6492,0.13605
3016.93497,0.12583
3016.22073,0.11623
3015.50649,0.10741
3014.79226,0.09946
3014.07802,0.0924
3013.36378,0.08612
3012.64955,0.08049
3011.93531,0.07548
3011.22108,0.0711
3010.50684,0.06726
3009.7926,0.06383
3009.07837,0.06074
3008.36413,0.058
3007.64989,0.05561
3006.93566,0.05353
3006.22142,0.05166
3005.50718,0.04999
3004.79295,0.04856
3004.07871,0.04735
3003.36447,0.04629
3002.65024,0.04532
3001.936,0.04444
3001.22176,0.04368
3000.50753,0.04305
2999.79329,0.04251
2999.07905,0.04209
2998.36482,0.04182
2997.65058,0.04163
2996.93635,0.04144
2996.22211,0.04125
2995.50787,0.04117
2994.79364,0.04127
2994.0794,0.04154
2993.36516,0.04197
2992.65093,0.04251
2991.93669,0.04312
2991.22245,0.04375
2990.50822,0.04446
2989.79398,0.04533
2989.07974,0.04641
2988.36551,0.04762
2987.65127,0.04885
2986.93703,0.04998
2986.2228,0.05091
2985.50856,0.05159
2984.79432,0.05193
2984.08009,0.05188
2983.36585,0.05147
2982.65162,0.0508
2981.93738,0.04998
2981.22314,0.04908
2980.50891,0.04817
2979.79467,0.04734
2979.08043,0.04663
2978.3662,0.04605
2977.65196,0.0456
2976.93772,0.04526
2976.22349,0.04503
2975.50925,0.04491
2974.79501,0.04492
2974.08078,0.04509
2973.36654,0.04541
2972.6523,0.04586
2971.93807,0.04642
2971.22383,0.04708
2970.50959,0.04787
2969.79536,0.0488
2969.08112,0.04985
2968.36689,0.05102
2967.65265,0.05241
2966.93841,0.05406
2966.22418,0.05597
2965.50994,0.05808
2964.7957,0.0604
2964.08147,0.06295
2963.36723,0.06577
2962.65299,0.06879
2961.93876,0.07192
2961.22452,0.07499
2960.51028,0.07783
2959.79605,0.0803
2959.08181,0.08233
2958.36757,0.08392
2957.65334,0.08513
2956.9391,0.08612
2956.22486,0.08709
2955.51063,0.0883
2954.79639,0.08988
2954.08216,0.09188
2953.36792,0.09427
2952.65368,0.09707
2951.93945,0.10039
2951.22521,0.10432
2950.51097,0.10889
2949.79674,0.11404
2949.0825,0.1198
2948.36826,0.12627
2947.65403,0.13353
2946.93979,0.14162
2946.22555,0.15055
2945.51132,0.16039
2944.79708,0.17121
2944.08284,0.18298
2943.36861,0.19561
2942.65437,0.20894
2941.94013,0.22278
2941.2259,0.23686
2940.51166,0.25087
2939.79743,0.26451
2939.08319,0.27748
2938.36895,0.28953
2937.65472,0.30043
2936.94048,0.3101
2936.22624,0.31861
2935.51201,0.3261
2934.79777,0.3327
2934.08353,0.3385
2933.3693,0.34372
2932.65506,0.34864
2931.94082,0.3535
2931.22659,0.35853
2930.51235,0.36399
2929.79811,0.37022
2929.08388,0.37735
2928.36964,0.38524
2927.6554,0.39347
2926.94117,0.4015
2926.22693,0.40872
2925.5127,0.41444
2924.79846,0.41802
2924.08422,0.41908
2923.36999,0.41756
2922.65575,0.41371
2921.94151,0.40802
2921.22728,0.40112
2920.51304,0.3936
2919.7988,0.38593
2919.08457,0.37854
2918.37033,0.3718
2917.65609,0.36595
2916.94186,0.36108
2916.22762,0.35713
2915.51338,0.35382
2914.79915,0.35071
2914.08491,0.34737
2913.37067,0.34338
2912.65644,0.33839
2911.9422,0.33211
2911.22797,0.32445
2910.51373,0.31555
2909.79949,0.30569
2909.08526,0.29516
2908.37102,0.2843
2907.65678,0.27353
2906.94255,0.26323
2906.22831,0.25367
2905.51407,0.24495
2904.79984,0.23712
2904.0856,0.23022
2903.37136,0.22427
2902.65713,0.21924
2901.94289,0.21502
2901.22865,0.21148
2900.51442,0.20846
2899.80018,0.20578
2899.08594,0.20329
2898.37171,0.20093
2897.65747,0.19872
2896.94324,0.19669
2896.229,0.19481
2895.51476,0.19298
2894.80053,0.19122
2894.08629,0.1896
2893.37205,0.18823
2892.65782,0.18719
2891.94358,0.18647
2891.22934,0.18605
2890.51511,0.18589
2889.80087,0.18603
2889.08663,0.18649
2888.3724,0.18725
2887.65816,0.18811
2886.94392,0.18885
2886.22969,0.18937
2885.51545,0.18969
2884.80121,0.18991
2884.08698,0.19012
2883.37274,0.19036
2882.65851,0.19055
2881.94427,0.19053
2881.23003,0.1901
2880.5158,0.18909
2879.80156,0.18746
2879.08732,0.18514
2878.37309,0.18212
2877.65885,0.1785
2876.94461,0.17446
2876.23038,0.17022
2875.51614,0.166
2874.8019,0.162
2874.08767,0.15835
2873.37343,0.15506
2872.65919,0.15217
2871.94496,0.14977
2871.23072,0.14796
2870.51648,0.14677
2869.80225,0.14621
2869.08801,0.14631
2868.37378,0.14711
2867.65954,0.14865
2866.9453,0.15093
2866.23107,0.15399
2865.51683,0.15792
2864.80259,0.16276
2864.08836,0.16842
2863.37412,0.17468
2862.65988,0.18122
2861.94565,0.18768
2861.23141,0.19365
2860.51717,0.19869
2859.80294,0.20239
2859.0887,0.20441
2858.37446,0.20457
2857.66023,0.20287
2856.94599,0.19949
2856.23176,0.19474
2855.51752,0.18893
2854.80328,0.18245
2854.08905,0.17573
2853.37481,0.16916
2852.66057,0.16306
2851.94634,0.15772
2851.2321,0.15332
2850.51786,0.14999
2849.80363,0.14771
2849.08939,0.14641
2848.37515,0.14606
2847.66092,0.14663
2846.94668,0.14816
2846.23244,0.15071
2845.51821,0.15445
2844.80397,0.15955
2844.08973,0.16618
2843.3755,0.17447
2842.66126,0.18449
2841.94703,0.19611
2841.23279,0.20897
2840.51855,0.22248
2839.80432,0.23581
2839.09008,0.24795
2838.37584,0.25773
2837.66161,0.26401
2836.94737,0.26594
2836.23313,0.26324
2835.5189,0.25623
2834.80466,0.2457
2834.09042,0.23266
2833.37619,0.21816
2832.66195,0.20315
2831.94771,0.18833
2831.23348,0.17419
2830.51924,0.16099
2829.805,0.14887
2829.09077,0.13789
2828.37653,0.12802
2827.6623,0.11923
2826.94806,0.11142
2826.23382,0.1045
2825.51959,0.09838
2824.80535,0.09295
2824.09111,0.08814
2823.37688,0.08385
2822.66264,0.07999
2821.9484,0.07646
2821.23417,0.07321
2820.51993,0.07028
2819.80569,0.06764
2819.09146,0.06522
2818.37722,0.063
2817.66298,0.061
2816.94875,0.05923
2816.23451,0.05764
2815.52027,0.05618
2814.80604,0.05483
2814.0918,0.05358
2813.37757,0.05243
2812.66333,0.05137
2811.94909,0.05042
2811.23486,0.04959
2810.52062,0.04887
2809.80638,0.04824
2809.09215,0.04766
2808.37791,0.04711
2807.66367,0.04663
2806.94944,0.04624
2806.2352,0.04593
2805.52096,0.04567
2804.80673,0.04542
2804.09249,0.04516
2803.37825,0.0449
2802.66402,0.04466
2801.94978,0.04446
2801.23554,0.0443
2800.52131,0.0442
2799.80707,0.04412
2799.09284,0.04405
2798.3786,0.04394
2797.66436,0.04378
2796.95013,0.04354
2796.23589,0.0432
2795.52165,0.04278
2794.80742,0.04232
2794.09318,0.04191
2793.37894,0.0416
2792.66471,0.04136
2791.95047,0.04113
2791.23623,0.04085
2790.522,0.04056
2789.80776,0.0403
2789.09352,0.04008
2788.37929,0.03984
2787.66505,0.03953
2786.95081,0.03913
2786.23658,0.03868
2785.52234,0.03819
2784.80811,0.03772
2784.09387,0.03731
2783.37963,0.037
2782.6654,0.03675
2781.95116,0.03655
2781.23692,0.03641
2780.52269,0.03632
2779.80845,0.03628
2779.09421,0.03634
2778.37998,0.03654
2777.66574,0.03688
2776.9515,0.03728
2776.23727,0.03764
2775.52303,0.03785
2774.80879,0.03788
2774.09456,0.03771
2773.38032,0.03742
2772.66608,0.03707
2771.95185,0.03667
2771.23761,0.03624
2770.52338,0.03581
2769.80914,0.03537
2769.0949,0.03494
2768.38067,0.03452
2767.66643,0.03416
2766.95219,0.03384
2766.23796,0.03352
2765.52372,0.03319
2764.80948,0.03287
2764.09525,0.03255
2763.38101,0.03223
2762.66677,0.0319
2761.95254,0.03161
2761.2383,0.0314
2760.52406,0.03129
2759.80983,0.03122
2759.09559,0.03116
2758.38135,0.03109
2757.66712,0.03098
2756.95288,0.03083
2756.23865,0.03064
2755.52441,0.03046
2754.81017,0.03037
2754.09594,0.03037
2753.3817,0.03039
2752.66746,0.03035
2751.95323,0.03026
2751.23899,0.03014
2750.52475,0.03003
2749.81052,0.02993
2749.09628,0.02984
2748.38204,0.02976
2747.66781,0.02972
2746.95357,0.02972
2746.23933,0.02971
2745.5251,0.02966
2744.81086,0.0296
2744.09662,0.02959
2743.38239,0.02963
2742.66815,0.02969
2741.95392,0.02969
2741.23968,0.02963
2740.52544,0.02952
2739.81121,0.02937
2739.09697,0.02922
2738.38273,0.0291
2737.6685,0.02905
2736.95426,0.02904
2736.24002,0.02902
2735.52579,0.02898
2734.81155,0.02893
2734.09731,0.02892
2733.38308,0.02897
2732.66884,0.02908
2731.9546,0.02921
2731.24037,0.02932
2730.52613,0.02933
2729.81189,0.02925
2729.09766,0.0291
2728.38342,0.02894
2727.66919,0.02882
2726.95495,0.02873
2726.24071,0.02864
2725.52648,0.02855
2724.81224,0.02847
2724.098,0.02843
2723.38377,0.02841
2722.66953,0.02839
2721.95529,0.02837
2721.24106,0.02831
2720.52682,0.02825
2719.81258,0.02823
2719.09835,0.02829
2718.38411,0.02839
2717.66987,0.02849
2716.95564,0.0286
2716.2414,0.02875
2715.52716,0.02897
2714.81293,0.02927
2714.09869,0.02961
2713.38446,0.02999
2712.67022,0.03036
2711.95598,0.03068
2711.24175,0.03087
2710.52751,0.03088
2709.81327,0.03069
2709.09904,0.03038
2708.3848,0.03003
2707.67056,0.02971
2706.95633,0.02946
2706.24209,0.0293
2705.52785,0.02917
2704.81362,0.02903
2704.09938,0.02888
2703.38514,0.02876
2702.67091,0.02868
2701.95667,0.02866
2701.24243,0.02866
2700.5282,0.0287
2699.81396,0.02878
2699.09973,0.0289
2698.38549,0.02902
2697.67125,0.0291
2696.95702,0.02915
2696.24278,0.02916
2695.52854,0.02915
2694.81431,0.0291
2694.10007,0.02903
2693.38583,0.02898
2692.6716,0.02898
2691.95736,0.02902
2691.24312,0.02908
2690.52889,0.02915
2689.81465,0.02923
2689.10041,0.02929
2688.38618,0.02935
2687.67194,0.02946
2686.95771,0.02965
2686.24347,0.02993
2685.52923,0.03025
2684.815,0.03057
2684.10076,0.0309
2683.38652,0.03129
2682.67229,0.03171
2681.95805,0.03205
2681.24381,0.03221
2680.52958,0.03217
2679.81534,0.03198
2679.1011,0.03172
2678.38687,0.03146
2677.67263,0.03123
2676.95839,0.03107
2676.24416,0.03094
2675.52992,0.0308
2674.81568,0.03066
2674.10145,0.03056
2673.38721,0.03053
2672.67298,0.0306
2671.95874,0.03074
2671.2445,0.03092
2670.53027,0.03116
2669.81603,0.03149
2669.10179,0.03192
2668.38756,0.03244
2667.67332,0.03302
2666.95908,0.03365
2666.24485,0.03438
2665.53061,0.03525
2664.81637,0.03626
2664.10214,0.03736
2663.3879,0.03854
2662.67366,0.03977
2661.95943,0.04099
2661.24519,0.04208
2660.53095,0.04295
2659.81672,0.04353
2659.10248,0.04384
2658.38825,0.04385
2657.67401,0.04357
2656.95977,0.04304
2656.24554,0.04234
2655.5313,0.04157
2654.81706,0.04075
2654.10283,0.03989
2653.38859,0.03896
2652.67435,0.03799
2651.96012,0.03699
2651.24588,0.03606
2650.53164,0.03522
2649.81741,0.03445
2649.10317,0.03372
2648.38893,0.03303
2647.6747,0.03241
2646.96046,0.03182
2646.24622,0.03128
2645.53199,0.03079
2644.81775,0.0304
2644.10352,0.03013
2643.38928,0.02999
2642.67504,0.02995
2641.96081,0.02999
2641.24657,0.03012
2640.53233,0.03028
2639.8181,0.03043
2639.10386,0.03048
2638.38962,0.03037
2637.67539,0.03008
2636.96115,0.02967
2636.24691,0.02919
2635.53268,0.02872
2634.81844,0.0283
2634.1042,0.02795
2633.38997,0.02768
2632.67573,0.02745
2631.96149,0.02722
2631.24726,0.02699
2630.53302,0.02678
2629.81879,0.02658
2629.10455,0.02641
2628.39031,0.02625
2627.67608,0.02613
2626.96184,0.02605
2626.2476,0.02601
2625.53337,0.02596
2624.81913,0.02587
2624.10489,0.02579
2623.39066,0.02575
2622.67642,0.0257
2621.96218,0.02559
2621.24795,0.02543
2620.53371,0.02528
2619.81947,0.02521
2619.10524,0.02525
2618.391,0.02535
2617.67676,0.02545
2616.96253,0.02552
2616.24829,0.02558
2615.53406,0.02563
2614.81982,0.02567
2614.10558,0.02572
2613.39135,0.02577
2612.67711,0.02578
2611.96287,0.02574
2611.24864,0.02568
2610.5344,0.02564
2609.82016,0.02564
2609.10593,0.02564
2608.39169,0.02559
2607.67745,0.02545
2606.96322,0.02525
2606.24898,0.02507
2605.53474,0.02497
2604.82051,0.02493
2604.10627,0.02494
2603.39203,0.02499
2602.6778,0.02501
2601.96356,0.02496
2601.24933,0.02486
2600.53509,0.0248
2599.82085,0.02476
2599.10662,0.02468
2598.39238,0.02457
2597.67814,0.02449
2596.96391,0.02444
2596.24967,0.02438
2595.53543,0.02431
2594.8212,0.02429
2594.10696,0.02434
2593.39272,0.02439
2592.67849,0.02439
2591.96425,0.02435
2591.25001,0.02431
2590.53578,0.02431
2589.82154,0.02432
2589.1073,0.02434
2588.39307,0.02438
2587.67883,0.02448
2586.9646,0.02461
2586.25036,0.02473
2585.53612,0.02478
2584.82189,0.02475
2584.10765,0.02469
2583.39341,0.02464
2582.67918,0.02464
2581.96494,0.02465
2581.2507,0.02469
2580.53647,0.02477
2579.82223,0.02493
2579.10799,0.02512
2578.39376,0.0253
2577.67952,0.02547
2576.96528,0.02563
2576.25105,0.02578
2575.53681,0.02593
2574.82257,0.02602
2574.10834,0.02602
2573.3941,0.02589
2572.67987,0.02567
2571.96563,0.02545
2571.25139,0.02531
2570.53716,0.02525
2569.82292,0.0252
2569.10868,0.02512
2568.39445,0.02502
2567.68021,0.02489
2566.96597,0.0247
2566.25174,0.02449
2565.5375,0.02432
2564.82326,0.02417
2564.10903,0.02399
2563.39479,0.02382
2562.68055,0.02373
2561.96632,0.02366
2561.25208,0.02349
2560.53784,0.02325
2559.82361,0.02308
2559.10937,0.02306
2558.39514,0.02313
2557.6809,0.02318
2556.96666,0.02318
2556.25243,0.02318
2555.53819,0.0232
2554.82395,0.02316
2554.10972,0.02305
2553.39548,0.02297
2552.68124,0.023
2551.96701,0.02312
2551.25277,0.02321
2550.53853,0.02323
2549.8243,0.02316
2549.11006,0.02303
2548.39582,0.02289
2547.68159,0.02281
2546.96735,0.02281
2546.25311,0.02284
2545.53888,0.02282
2544.82464,0.02274
2544.11041,0.02263
2543.39617,0.02257
2542.68193,0.02255
2541.9677,0.02252
2541.25346,0.02248
2540.53922,0.0224
2539.82499,0.02233
2539.11075,0.02232
2538.39651,0.02241
2537.68228,0.02252
2536.96804,0.02257
2536.2538,0.02257
2535.53957,0.02252
2534.82533,0.0224
2534.11109,0.02224
2533.39686,0.02213
2532.68262,0.02209
2531.96838,0.02205
2531.25415,0.022
2530.53991,0.022
2529.82568,0.02207
2529.11144,0.02217
2528.3972,0.02223
2527.68297,0.02225
2526.96873,0.02227
2526.25449,0.02231
2525.54026,0.02239
2524.82602,0.02251
2524.11178,0.0226
2523.39755,0.02263
2522.68331,0.02264
2521.96907,0.02267
2521.25484,0.02269
2520.5406,0.02264
2519.82636,0.02255
2519.11213,0.0225
2518.39789,0.02249
2517.68366,0.02251
2516.96942,0.02254
2516.25518,0.02257
2515.54095,0.0226
2514.82671,0.02265
2514.11247,0.02271
2513.39824,0.02276
2512.684,0.02277
2511.96976,0.02278
2511.25553,0.0228
2510.54129,0.02281
2509.82705,0.0228
2509.11282,0.02277
2508.39858,0.02274
2507.68434,0.02269
2506.97011,0.02262
2506.25587,0.02259
2505.54163,0.02262
2504.8274,0.0227
2504.11316,0.02275
2503.39893,0.02276
2502.68469,0.02274
2501.97045,0.02273
2501.25622,0.02268
2500.54198,0.0226
2499.82774,0.02253
2499.11351,0.02249
2498.39927,0.02248
2497.68503,0.02248
2496.9708,0.02249
2496.25656,0.02255
2495.54232,0.02266
2494.82809,0.02274
2494.11385,0.02277
2493.39961,0.02277
2492.68538,0.02277
2491.97114,0.0228
2491.2569,0.02281
2490.54267,0.02279
2489.82843,0.02278
2489.1142,0.02281
2488.39996,0.02289
2487.68572,0.02294
2486.97149,0.02292
2486.25725,0.02286
2485.54301,0.02287
2484.82878,0.02301
2484.11454,0.02321
2483.4003,0.02335
2482.68607,0.02339
2481.97183,0.02338
2481.25759,0.0234
2480.54336,0.02349
2479.82912,0.02362
2479.11488,0.02373
2478.40065,0.02382
2477.68641,0.02391
2476.97217,0.02403
2476.25794,0.02418
2475.5437,0.02434
2474.82947,0.02446
2474.11523,0.02448
2473.40099,0.02438
2472.68676,0.02423
2471.97252,0.02414
2471.25828,0.02407
2470.54405,0.02398
2469.82981,0.02385
2469.11557,0.02373
2468.40134,0.02364
2467.6871,0.02355
2466.97286,0.02347
2466.25863,0.02344
2465.54439,0.02341
2464.83015,0.02333
2464.11592,0.02314
2463.40168,0.02293
2462.68744,0.02281
2461.97321,0.02282
2461.25897,0.02287
2460.54474,0.02289
2459.8305,0.0229
2459.11626,0.02292
2458.40203,0.02298
2457.68779,0.02303
2456.97355,0.02308
2456.25932,0.02312
2455.54508,0.02316
2454.83084,0.02313
2454.11661,0.02299
2453.40237,0.02279
2452.68813,0.02262
2451.9739,0.02253
2451.25966,0.02251
2450.54542,0.02252
2449.83119,0.02255
2449.11695,0.02262
2448.40271,0.02272
2447.68848,0.02283
2446.97424,0.02288
2446.26001,0.02284
2445.54577,0.02273
2444.83153,0.02265
2444.1173,0.02258
2443.40306,0.02249
2442.68882,0.02238
2441.97459,0.02233
2441.26035,0.0224
2440.54611,0.02253
2439.83188,0.02258
2439.11764,0.02252
2438.4034,0.02242
2437.68917,0.02236
2436.97493,0.02239
2436.26069,0.02246
2435.54646,0.02252
2434.83222,0.02251
2434.11798,0.02245
2433.40375,0.02242
2432.68951,0.02246
2431.97528,0.02249
2431.26104,0.02246
2430.5468,0.02239
2429.83257,0.02239
2429.11833,0.02248
2428.40409,0.0226
2427.68986,0.02266
2426.97562,0.02261
2426.26138,0.02252
2425.54715,0.02244
2424.83291,0.02241
2424.11867,0.02241
2423.40444,0.02241
2422.6902,0.02243
2421.97596,0.02247
2421.26173,0.0225
2420.54749,0.02248
2419.83325,0.02246
2419.11902,0.02247
2418.40478,0.02249
2417.69055,0.02251
2416.97631,0.02252
2416.26207,0.02252
2415.54784,0.02251
2414.8336,0.0225
2414.11936,0.02253
2413.40513,0.02261
2412.69089,0.0227
2411.97665,0.02279
2411.26242,0.02286
2410.54818,0.0229
2409.83394,0.02288
2409.11971,0.02282
2408.40547,0.02281
2407.69123,0.02289
2406.977,0.023
2406.26276,0.02307
2405.54852,0.02307
2404.83429,0.02303
2404.12005,0.02295
2403.40582,0.02289
2402.69158,0.02284
2401.97734,0.02283
2401.26311,0.02288
2400.54887,0.02296
2399.83463,0.02303
2399.1204,0.02307
2398.40616,0.02307
2397.69192,0.02305
2396.97769,0.02302
2396.26345,0.02302
2395.54921,0.02308
2394.83498,0.02312
2394.12074,0.0231
2393.4065,0.02305
2392.69227,0.02304
2391.97803,0.0231
2391.26379,0.02319
2390.54956,0.02328
2389.83532,0.02334
2389.12109,0.02339
2388.40685,0.02343
2387.69261,0.02346
2386.97838,0.02347
2386.26414,0.02345
2385.5499,0.02343
2384.83567,0.02341
2384.12143,0.02341
2383.40719,0.02341
2382.69296,0.02343
2381.97872,0.02344
2381.26448,0.02343
2380.55025,0.02341
2379.83601,0.02342
2379.12177,0.02347
2378.40754,0.02346
2377.6933,0.02331
2376.97906,0.02307
2376.26483,0.02287
2375.55059,0.02278
2374.83636,0.02275
2374.12212,0.02271
2373.40788,0.02262
2372.69365,0.02248
2371.97941,0.0223
2371.26517,0.02211
2370.55094,0.02197
2369.8367,0.02187
2369.12246,0.02179
2368.40823,0.02166
2367.69399,0.02152
2366.97975,0.02138
2366.26552,0.02124
2365.55128,0.02108
2364.83704,0.02095
2364.12281,0.02091
2363.40857,0.021
2362.69433,0.02115
2361.9801,0.02128
2361.26586,0.02133
2360.55163,0.02134
2359.83739,0.02135
2359.12315,0.02142
2358.40892,0.02153
2357.69468,0.02164
2356.98044,0.02177
2356.26621,0.02192
2355.55197,0.02211
2354.83773,0.02231
2354.1235,0.02252
2353.40926,0.02273
2352.69502,0.02297
2351.98079,0.0232
2351.26655,0.02339
2350.55231,0.02353
2349.83808,0.02362
2349.12384,0.02366
2348.40961,0.02367
2347.69537,0.02363
2346.98113,0.02354
2346.2669,0.02344
2345.55266,0.02333
2344.83842,0.02319
2344.12419,0.02303
2343.40995,0.02286
2342.69571,0.02271
2341.98148,0.02258
2341.26724,0.02249
2340.553,0.02245
2339.83877,0.02245
2339.12453,0.02247
2338.41029,0.0225
2337.69606,0.02253
2336.98182,0.02255
2336.26758,0.02259
2335.55335,0.02264
2334.83911,0.02269
2334.12488,0.02271
2333.41064,0.02271
2332.6964,0.02271
2331.98217,0.02272
2331.26793,0.02275
2330.55369,0.02278
2329.83946,0.0228
2329.12522,0.0228
2328.41098,0.02285
2327.69675,0.02299
2326.98251,0.02327
2326.26827,0.02374
2325.55404,0.0244
2324.8398,0.02506
2324.12556,0.02544
2323.41133,0.02543
2322.69709,0.02514
2321.98285,0.02479
2321.26862,0.02453
2320.55438,0.02436
2319.84015,0.02423
2319.12591,0.02411
2318.41167,0.024
2317.69744,0.02393
2316.9832,0.02391
2316.26896,0.02393
2315.55473,0.02399
2314.84049,0.02408
2314.12625,0.02417
2313.41202,0.02425
2312.69778,0.0243
2311.98354,0.02433
2311.26931,0.02434
2310.55507,0.02431
2309.84083,0.02427
2309.1266,0.02426
2308.41236,0.02432
2307.69812,0.02439
2306.98389,0.02444
2306.26965,0.02445
2305.55542,0.02444
2304.84118,0.02439
2304.12694,0.0243
2303.41271,0.02417
2302.69847,0.02402
2301.98423,0.02387
2301.27,0.02373
2300.55576,0.02365
2299.84152,0.02361
2299.12729,0.02363
2298.41305,0.02373
2297.69881,0.02386
2296.98458,0.02393
2296.27034,0.02385
2295.5561,0.02371
2294.84187,0.02361
2294.12763,0.02355
2293.41339,0.02348
2292.69916,0.02342
2291.98492,0.02342
2291.27069,0.02348
2290.55645,0.02354
2289.84221,0.02357
2289.12798,0.02362
2288.41374,0.02372
2287.6995,0.02382
2286.98527,0.02386
2286.27103,0.02384
2285.55679,0.02379
2284.84256,0.0237
2284.12832,0.02354
2283.41408,0.0233
2282.69985,0.02303
2281.98561,0.0228
2281.27137,0.02264
2280.55714,0.02253
2279.8429,0.02244
2279.12866,0.02238
2278.41443,0.02235
2277.70019,0.02227
2276.98596,0.0221
2276.27172,0.02183
2275.55748,0.0215
2274.84325,0.02114
2274.12901,0.02084
2273.41477,0.02065
2272.70054,0.0206
2271.9863,0.02065
2271.27206,0.02076
2270.55783,0.02094
2269.84359,0.02117
2269.12935,0.02142
2268.41512,0.02161
2267.70088,0.02169
2266.98664,0.02165
2266.27241,0.02159
2265.55817,0.02157
2264.84393,0.0216
2264.1297,0.0217
2263.41546,0.02181
2262.70123,0.02188
2261.98699,0.02196
2261.27275,0.02216
2260.55852,0.02249
2259.84428,0.02277
2259.13004,0.02285
2258.41581,0.02281
2257.70157,0.02279
2256.98733,0.02284
2256.2731,0.02283
2255.55886,0.02271
2254.84462,0.02252
2254.13039,0.02239
2253.41615,0.02235
2252.70191,0.02236
2251.98768,0.02237
2251.27344,0.02233
2250.5592,0.02226
2249.84497,0.02218
2249.13073,0.02217
2248.4165,0.02221
2247.70226,0.02222
2246.98802,0.02212
2246.27379,0.02191
2245.55955,0.02173
2244.84531,0.02169
2244.13108,0.02175
2243.41684,0.02177
2242.7026,0.02175
2241.98837,0.02178
2241.27413,0.0219
2240.55989,0.02203
2239.84566,0.02208
2239.13142,0.02208
2238.41718,0.02209
2237.70295,0.02216
2236.98871,0.02215
2236.27447,0.02193
2235.56024,0.02159
2234.846,0.02139
2234.13177,0.02146
2233.41753,0.0217
2232.70329,0.02189
2231.98906,0.02191
2231.27482,0.02173
2230.56058,0.02139
2229.84635,0.02108
2229.13211,0.021
2228.41787,0.02112
2227.70364,0.02128
2226.9894,0.02138
2226.27516,0.02147
2225.56093,0.02158
2224.84669,0.02165
2224.13245,0.02163
2223.41822,0.02151
2222.70398,0.02132
2221.98974,0.02114
2221.27551,0.02105
2220.56127,0.021
2219.84704,0.02089
2219.1328,0.02072
2218.41856,0.02059
2217.70433,0.0206
2216.99009,0.02077
2216.27585,0.02099
2215.56162,0.02106
2214.84738,0.0209
2214.13314,0.02064
2213.41891,0.0205
2212.70467,0.02056
2211.99043,0.02075
2211.2762,0.0209
2210.56196,0.0209
2209.84772,0.02077
2209.13349,0.02061
2208.41925,0.02046
2207.70501,0.02037
2206.99078,0.02042
2206.27654,0.02063
2205.56231,0.02082
2204.84807,0.02087
2204.13383,0.02085
2203.4196,0.02092
2202.70536,0.02112
2201.99112,0.02129
2201.27689,0.02132
2200.56265,0.02129
2199.84841,0.02137
2199.13418,0.02166
2198.41994,0.02198
2197.7057,0.02209
2196.99147,0.02192
2196.27723,0.02156
2195.56299,0.02117
2194.84876,0.02087
2194.13452,0.02077
2193.42028,0.02088
2192.70605,0.02112
2191.99181,0.02137
2191.27758,0.02148
2190.56334,0.02129
2189.8491,0.02086
2189.13487,0.02046
2188.42063,0.02031
2187.70639,0.0203
2186.99216,0.02029
2186.27792,0.02028
2185.56368,0.02037
2184.84945,0.0205
2184.13521,0.02052
2183.42097,0.02042
2182.70674,0.02033
2181.9925,0.02027
2181.27826,0.0201
2180.56403,0.01987
2179.84979,0.01984
2179.13556,0.02012
2178.42132,0.02061
2177.70708,0.02109
2176.99285,0.02135
2176.27861,0.02121
2175.56437,0.02073
2174.85014,0.02019
2174.1359,0.01988
2173.42166,0.01987
2172.70743,0.02002
2171.99319,0.02018
2171.27895,0.02027
2170.56472,0.02027
2169.85048,0.02023
2169.13624,0.02028
2168.42201,0.0205
2167.70777,0.02081
2166.99353,0.02104
2166.2793,0.02116
2165.56506,0.02126
2164.85083,0.02135
2164.13659,0.02138
2163.42235,0.02127
2162.70812,0.02106
2161.99388,0.02094
2161.27964,0.02101
2160.56541,0.02098
2159.85117,0.02024
2159.13693,0.01853
2158.4227,0.01648
2157.70846,0.01511
2156.99422,0.0148
2156.27999,0.01523
2155.56575,0.01587
2154.85151,0.01648
2154.13728,0.01703
2153.42304,0.01752
2152.7088,0.01789
2151.99457,0.01806
2151.28033,0.01804
2150.5661,0.01795
2149.85186,0.01789
2149.13762,0.01787
2148.42339,0.01788
2147.70915,0.01799
2146.99491,0.01826
2146.28068,0.01862
2145.56644,0.01895
2144.8522,0.01923
2144.13797,0.01943
2143.42373,0.0195
2142.70949,0.01942
2141.99526,0.01927
2141.28102,0.01911
2140.56678,0.01896
2139.85255,0.01885
2139.13831,0.0188
2138.42407,0.01886
2137.70984,0.01904
2136.9956,0.01932
2136.28137,0.01953
2135.56713,0.01947
2134.85289,0.01908
2134.13866,0.01859
2133.42442,0.01831
2132.71018,0.01838
2131.99595,0.01866
2131.28171,0.01895
2130.56747,0.01915
2129.85324,0.01934
2129.139,0.01954
2128.42476,0.01967
2127.71053,0.01967
2126.99629,0.01964
2126.28205,0.01977
2125.56782,0.02004
2124.85358,0.02034
2124.13934,0.02053
2123.42511,0.02061
2122.71087,0.02062
2121.99664,0.02061
2121.2824,0.02059
2120.56816,0.02059
2119.85393,0.02066
2119.13969,0.02081
2118.42545,0.02099
2117.71122,0.02113
2116.99698,0.0213
2116.28274,0.02155
2115.56851,0.02178
2114.85427,0.02187
2114.14003,0.02188
2113.4258,0.02193
2112.71156,0.02204
2111.99732,0.0221
2111.28309,0.02212
2110.56885,0.02221
2109.85461,0.0224
2109.14038,0.02259
2108.42614,0.02261
2107.71191,0.02244
2106.99767,0.02227
2106.28343,0.02225
2105.5692,0.02242
2104.85496,0.02268
2104.14072,0.02296
2103.42649,0.02323
2102.71225,0.0235
2101.99801,0.02378
2101.28378,0.02401
2100.56954,0.0241
2099.8553,0.02404
2099.14107,0.0239
2098.42683,0.0237
2097.71259,0.02341
2096.99836,0.02302
2096.28412,0.02261
2095.56988,0.02222
2094.85565,0.02186
2094.14141,0.02159
2093.42718,0.02152
2092.71294,0.02162
2091.9987,0.0218
2091.28447,0.02192
2090.57023,0.02191
2089.85599,0.02178
2089.14176,0.02158
2088.42752,0.02145
2087.71328,0.02145
2086.99905,0.02152
2086.28481,0.02157
2085.57057,0.02154
2084.85634,0.02142
2084.1421,0.02127
2083.42786,0.0212
2082.71363,0.02125
2081.99939,0.02137
2081.28515,0.02149
2080.57092,0.02154
2079.85668,0.02146
2079.14245,0.02135
2078.42821,0.02129
2077.71397,0.02126
2076.99974,0.02118
2076.2855,0.02109
2075.57126,0.02117
2074.85703,0.02138
2074.14279,0.02151
2073.42855,0.02141
2072.71432,0.02121
2072.00008,0.02109
2071.28584,0.02103
2070.57161,0.02095
2069.85737,0.02081
2069.14313,0.0206
2068.4289,0.02037
2067.71466,0.02013
2067.00042,0.01999
2066.28619,0.01994
2065.57195,0.01994
2064.85772,0.01992
2064.14348,0.01992
2063.42924,0.01997
2062.71501,0.02006
2062.00077,0.02011
2061.28653,0.02013
2060.5723,0.02017
2059.85806,0.02025
2059.14382,0.0203
2058.42959,0.0203
2057.71535,0.02029
2057.00111,0.02034
2056.28688,0.02042
2055.57264,0.02044
2054.8584,0.02033
2054.14417,0.02012
2053.42993,0.02003
2052.71569,0.02034
2052.00146,0.02106
2051.28722,0.02182
2050.57299,0.02209
2049.85875,0.02173
2049.14451,0.02112
2048.43028,0.02071
2047.71604,0.02053
2047.0018,0.02039
2046.28757,0.02024
2045.57333,0.02015
2044.85909,0.0201
2044.14486,0.02
2043.43062,0.01986
2042.71638,0.01978
2042.00215,0.01984
2041.28791,0.02
2040.57367,0.02015
2039.85944,0.02018
2039.1452,0.02005
2038.43096,0.01981
2037.71673,0.01962
2037.00249,0.01957
2036.28826,0.01956
2035.57402,0.01937
2034.85978,0.0189
2034.14555,0.01841
2033.43131,0.01816
2032.71707,0.01819
2032.00284,0.01837
2031.2886,0.01855
2030.57436,0.01858
2029.86013,0.01831
2029.14589,0.01779
2028.43165,0.01735
2027.71742,0.01723
2027.00318,0.0173
2026.28894,0.01736
2025.57471,0.01746
2024.86047,0.01771
2024.14623,0.01794
2023.432,0.01787
2022.71776,0.01751
2022.00353,0.0172
2021.28929,0.01724
2020.57505,0.01757
2019.86082,0.01789
2019.14658,0.01792
2018.43234,0.01765
2017.71811,0.01732
2017.00387,0.01719
2016.28963,0.01735
2015.5754,0.0176
2014.86116,0.01766
2014.14692,0.0175
2013.43269,0.01732
2012.71845,0.0173
2012.00421,0.01747
2011.28998,0.01769
2010.57574,0.01782
2009.86151,0.01785
2009.14727,0.0179
2008.43303,0.018
2007.7188,0.01804
2007.00456,0.01788
2006.29032,0.01753
2005.57609,0.0172
2004.86185,0.01715
2004.14761,0.01746
2003.43338,0.0179
2002.71914,0.0182
2002.0049,0.01835
2001.29067,0.01843
2000.57643,0.01845
1999.86219,0.01839
1999.14796,0.01837
1998.43372,0.01849
1997.71948,0.01868
1997.00525,0.01875
1996.29101,0.01867
1995.57678,0.01861
1994.86254,0.0187
1994.1483,0.01885
1993.43407,0.01894
1992.71983,0.01901
1992.00559,0.01912
1991.29136,0.01926
1990.57712,0.01933
1989.86288,0.0193
1989.14865,0.01928
1988.43441,0.01944
1987.72017,0.01982
1987.00594,0.02021
1986.2917,0.02036
1985.57746,0.02015
1984.86323,0.01975
1984.14899,0.01944
1983.43475,0.01935
1982.72052,0.0194
1982.00628,0.01953
1981.29205,0.01977
1980.57781,0.02011
1979.86357,0.02038
1979.14934,0.02032
1978.4351,0.01978
1977.72086,0.01893
1977.00663,0.01814
1976.29239,0.01759
1975.57815,0.01727
1974.86392,0.01707
1974.14968,0.01698
1973.43544,0.01704
1972.72121,0.01725
1972.00697,0.01754
1971.29273,0.01775
1970.5785,0.01779
1969.86426,0.01772
1969.15002,0.01773
1968.43579,0.01787
1967.72155,0.01804
1967.00732,0.0181
1966.29308,0.01805
1965.57884,0.01797
1964.86461,0.0179
1964.15037,0.01784
1963.43613,0.01769
1962.7219,0.0175
1962.00766,0.0174
1961.29342,0.0175
1960.57919,0.01771
1959.86495,0.01785
1959.15071,0.0179
1958.43648,0.01799
1957.72224,0.01819
1957.008,0.01847
1956.29377,0.01876
1955.57953,0.01907
1954.86529,0.0194
1954.15106,0.01962
1953.43682,0.01966
1952.72259,0.01962
1952.00835,0.01962
1951.29411,0.01971
1950.57988,0.01981
1949.86564,0.01984
1949.1514,0.01984
1948.43717,0.01986
1947.72293,0.01994
1947.00869,0.01997
1946.29446,0.01991
1945.58022,0.0199
1944.86598,0.02005
1944.15175,0.02021
1943.43751,0.02019
1942.72327,0.02008
1942.00904,0.02011
1941.2948,0.0203
1940.58056,0.02042
1939.86633,0.02035
1939.15209,0.0202
1938.43786,0.02011
1937.72362,0.02011
1937.00938,0.02015
1936.29515,0.02025
1935.58091,0.0204
1934.86667,0.02053
1934.15244,0.02062
1933.4382,0.02068
1932.72396,0.02072
1932.00973,0.02072
1931.29549,0.02071
1930.58125,0.02071
1929.86702,0.02075
1929.15278,0.02079
1928.43854,0.02082
1927.72431,0.02084
1927.01007,0.02085
1926.29583,0.02081
1925.5816,0.02074
1924.86736,0.02073
1924.15313,0.02082
1923.43889,0.02091
1922.72465,0.02094
1922.01042,0.02098
1921.29618,0.02113
1920.58194,0.02136
1919.86771,0.02148
1919.15347,0.0214
1918.43923,0.02124
1917.725,0.02123
1917.01076,0.02141
1916.29652,0.02165
1915.58229,0.02185
1914.86805,0.02202
1914.15381,0.02218
1913.43958,0.02239
1912.72534,0.02262
1912.0111,0.02279
1911.29687,0.02284
1910.58263,0.02276
1909.8684,0.0226
1909.15416,0.02248
1908.43992,0.02242
1907.72569,0.02236
1907.01145,0.02222
1906.29721,0.02203
1905.58298,0.02188
1904.86874,0.02178
1904.1545,0.02168
1903.44027,0.02159
1902.72603,0.02155
1902.01179,0.02156
1901.29756,0.02158
1900.58332,0.02161
1899.86908,0.02164
1899.15485,0.02164
1898.44061,0.0216
1897.72637,0.02155
1897.01214,0.02155
1896.2979,0.02159
1895.58367,0.02163
1894.86943,0.02172
1894.15519,0.02185
1893.44096,0.02199
1892.72672,0.02209
1892.01248,0.02216
1891.29825,0.02219
1890.58401,0.02221
1889.86977,0.02224
1889.15554,0.02234
1888.4413,0.02256
1887.72706,0.02285
1887.01283,0.02316
1886.29859,0.02349
1885.58435,0.02382
1884.87012,0.02414
1884.15588,0.02446
1883.44164,0.0248
1882.72741,0.02517
1882.01317,0.02554
1881.29894,0.02587
1880.5847,0.02611
1879.87046,0.02618
1879.15623,0.02604
1878.44199,0.02571
1877.72775,0.02529
1877.01352,0.02486
1876.29928,0.0245
1875.58504,0.02424
1874.87081,0.02406
1874.15657,0.02387
1873.44233,0.02364
1872.7281,0.02342
1872.01386,0.02327
1871.29962,0.02314
1870.58539,0.02292
1869.87115,0.02263
1869.15691,0.02239
1868.44268,0.0223
1867.72844,0.02233
1867.01421,0.02241
1866.29997,0.02251
1865.58573,0.0226
1864.8715,0.02264
1864.15726,0.02261
1863.44302,0.02256
1862.72879,0.02253
1862.01455,0.02253
1861.30031,0.02251
1860.58608,0.02249
1859.87184,0.02247
1859.1576,0.02247
1858.44337,0.02245
1857.72913,0.02239
1857.01489,0.02232
1856.30066,0.02225
1855.58642,0.02222
1854.87218,0.0222
1854.15795,0.02217
1853.44371,0.02216
1852.72948,0.02217
1852.01524,0.02218
1851.301,0.02217
1850.58677,0.02215
1849.87253,0.02216
1849.15829,0.0222
1848.44406,0.02225
1847.72982,0.02229
1847.01558,0.02231
1846.30135,0.02226
1845.58711,0.02209
1844.87287,0.02184
1844.15864,0.02171
1843.4444,0.02181
1842.73016,0.02208
1842.01593,0.02234
1841.30169,0.02253
1840.58746,0.02262
1839.87322,0.0226
1839.15898,0.02249
1838.44475,0.02237
1837.73051,0.02227
1837.01627,0.02218
1836.30204,0.02209
1835.5878,0.02205
1834.87356,0.02206
1834.15933,0.02209
1833.44509,0.02209
1832.73085,0.02208
1832.01662,0.02205
1831.30238,0.02197
1830.58814,0.02186
1829.87391,0.02184
1829.15967,0.022
1828.44543,0.02226
1827.7312,0.02243
1827.01696,0.02242
1826.30273,0.02225
1825.58849,0.02208
1824.87425,0.02204
1824.16002,0.02215
1823.44578,0.02232
1822.73154,0.02245
1822.01731,0.02256
1821.30307,0.02265
1820.58883,0.02268
1819.8746,0.02267
1819.16036,0.02261
1818.44612,0.02252
1817.73189,0.0224
1817.01765,0.02232
1816.30341,0.02234
1815.58918,0.02245
1814.87494,0.02262
1814.1607,0.02277
1813.44647,0.02285
1812.73223,0.02285
1812.018,0.02279
1811.30376,0.02274
1810.58952,0.02274
1809.87529,0.02281
1809.16105,0.02292
1808.44681,0.02301
1807.73258,0.02305
1807.01834,0.02308
1806.3041,0.02314
1805.58987,0.02323
1804.87563,0.02332
1804.16139,0.02338
1803.44716,0.02337
1802.73292,0.02331
1802.01868,0.02323
1801.30445,0.02319
1800.59021,0.02319
1799.87597,0.02322
1799.16174,0.02329
1798.4475,0.0234
1797.73327,0.02352
1797.01903,0.02361
1796.30479,0.02372
1795.59056,0.02382
1794.87632,0.02386
1794.16208,0.02375
1793.44785,0.02356
1792.73361,0.02345
1792.01937,0.02357
1791.30514,0.02386
1790.5909,0.02417
1789.87666,0.02441
1789.16243,0.02454
1788.44819,0.02457
1787.73395,0.02453
1787.01972,0.02443
1786.30548,0.02429
1785.59124,0.02415
1784.87701,0.02408
1784.16277,0.02414
1783.44854,0.02423
1782.7343,0.02423
1782.02006,0.02412
1781.30583,0.02399
1780.59159,0.02391
1779.87735,0.02389
1779.16312,0.02388
1778.44888,0.02386
1777.73464,0.0238
1777.02041,0.02371
1776.30617,0.02363
1775.59193,0.0236
1774.8777,0.02358
1774.16346,0.02343
1773.44922,0.02309
1772.73499,0.02275
1772.02075,0.02267
1771.30651,0.02293
1770.59228,0.02329
1769.87804,0.0235
1769.16381,0.02347
1768.44957,0.02335
1767.73533,0.02335
1767.0211,0.0235
1766.30686,0.02368
1765.59262,0.0238
1764.87839,0.02386
1764.16415,0.02384
1763.44991,0.02371
1762.73568,0.02349
1762.02144,0.02333
1761.3072,0.02339
1760.59297,0.02364
1759.87873,0.02389
1759.16449,0.02399
1758.45026,0.02391
1757.73602,0.02375
1757.02178,0.02365
1756.30755,0.02372
1755.59331,0.02392
1754.87908,0.02413
1754.16484,0.02425
1753.4506,0.02424
1752.73637,0.02407
1752.02213,0.02383
1751.30789,0.02372
1750.59366,0.02388
1749.87942,0.02414
1749.16518,0.02431
1748.45095,0.02438
1747.73671,0.02444
1747.02247,0.02454
1746.30824,0.02467
1745.594,0.02478
1744.87976,0.02487
1744.16553,0.0249
1743.45129,0.02491
1742.73705,0.02496
1742.02282,0.02497
1741.30858,0.02483
1740.59435,0.02459
1739.88011,0.02447
1739.16587,0.02462
1738.45164,0.02491
1737.7374,0.0251
1737.02316,0.0251
1736.30893,0.02489
1735.59469,0.02446
1734.88045,0.02392
1734.16622,0.02363
1733.45198,0.02386
1732.73774,0.02444
1732.02351,0.02498
1731.30927,0.02524
1730.59503,0.02528
1729.8808,0.02531
1729.16656,0.02545
1728.45232,0.02565
1727.73809,0.0258
1727.02385,0.02588
1726.30962,0.0259
1725.59538,0.0259
1724.88114,0.02593
1724.16691,0.026
1723.45267,0.02609
1722.73843,0.02618
1722.0242,0.02626
1721.30996,0.02627
1720.59572,0.02618
1719.88149,0.02597
1719.16725,0.02561
1718.45301,0.02519
1717.73878,0.02502
1717.02454,0.02524
1716.3103,0.0257
1715.59607,0.02608
1714.88183,0.02633
1714.16759,0.02656
1713.45336,0.02683
1712.73912,0.02711
1712.02489,0.02732
1711.31065,0.02745
1710.59641,0.02749
1709.88218,0.02745
1709.16794,0.0274
1708.4537,0.02731
1707.73947,0.02716
1707.02523,0.02696
1706.31099,0.0268
1705.59676,0.02673
1704.88252,0.02675
1704.16828,0.02684
1703.45405,0.02694
1702.73981,0.0269
1702.02557,0.02653
1701.31134,0.02582
1700.5971,0.02519
1699.88286,0.02527
1699.16863,0.02602
1698.45439,0.02677
1697.74016,0.02703
1697.02592,0.02678
1696.31168,0.02641
1695.59745,0.02645
1694.88321,0.02705
1694.16897,0.02779
1693.45474,0.02834
1692.7405,0.02869
1692.02626,0.02894
1691.31203,0.02912
1690.59779,0.02927
1689.88355,0.02942
1689.16932,0.02964
1688.45508,0.02996
1687.74084,0.03038
1687.02661,0.03079
1686.31237,0.03101
1685.59813,0.03101
1684.8839,0.0311
1684.16966,0.0317
1683.45543,0.03278
1682.74119,0.03389
1682.02695,0.03468
1681.31272,0.03506
1680.59848,0.03509
1679.88424,0.03493
1679.17001,0.03471
1678.45577,0.03441
1677.74153,0.03402
1677.0273,0.03346
1676.31306,0.03274
1675.59882,0.03206
1674.88459,0.03171
1674.17035,0.03174
1673.45611,0.03187
1672.74188,0.03187
1672.02764,0.0317
1671.31341,0.03149
1670.59917,0.03126
1669.88493,0.03103
1669.1707,0.03095
1668.45646,0.03115
1667.74222,0.03154
1667.02799,0.0319
1666.31375,0.03214
1665.59951,0.03231
1664.88528,0.03243
1664.17104,0.03251
1663.4568,0.03259
1662.74257,0.03282
1662.02833,0.03329
1661.31409,0.03394
1660.59986,0.03465
1659.88562,0.03543
1659.17138,0.03641
1658.45715,0.03771
1657.74291,0.03947
1657.02868,0.0418
1656.31444,0.04476
1655.6002,0.04823
1654.88597,0.05186
1654.17173,0.05508
1653.45749,0.05736
1652.74326,0.05836
1652.02902,0.05808
1651.31478,0.05672
1650.60055,0.05452
1649.88631,0.05175
1649.17207,0.04883
1648.45784,0.04611
1647.7436,0.04376
1647.02936,0.0418
1646.31513,0.04029
1645.60089,0.03929
1644.88665,0.03874
1644.17242,0.03835
1643.45818,0.03794
1642.74395,0.03749
1642.02971,0.03711
1641.31547,0.0368
1640.60124,0.03653
1639.887,0.03628
1639.17276,0.03602
1638.45853,0.03575
1637.74429,0.03548
1637.03005,0.03511
1636.31582,0.03465
1635.60158,0.03432
1634.88734,0.03441
1634.17311,0.03481
1633.45887,0.03519
1632.74463,0.03535
1632.0304,0.03535
1631.31616,0.03527
1630.60192,0.03514
1629.88769,0.03495
1629.17345,0.03472
1628.45922,0.03449
1627.74498,0.03433
1627.03074,0.0343
1626.31651,0.03432
1625.60227,0.0343
1624.88803,0.03414
1624.1738,0.03392
1623.45956,0.03378
1622.74532,0.03383
1622.03109,0.03401
1621.31685,0.03415
1620.60261,0.0342
1619.88838,0.03418
1619.17414,0.03408
1618.4599,0.03381
1617.74567,0.03337
1617.03143,0.03296
1616.31719,0.03295
1615.60296,0.03336
1614.88872,0.03388
1614.17449,0.03425
1613.46025,0.03448
1612.74601,0.03466
1612.03178,0.03484
1611.31754,0.03503
1610.6033,0.03523
1609.88907,0.03546
1609.17483,0.03574
1608.46059,0.03604
1607.74636,0.03634
1607.03212,0.03663
1606.31788,0.03692
1605.60365,0.03716
1604.88941,0.03731
1604.17517,0.03737
1603.46094,0.03739
1602.7467,0.03735
1602.03246,0.03722
1601.31823,0.03701
1600.60399,0.03672
1599.88976,0.03639
1599.17552,0.03604
1598.46128,0.03569
1597.74705,0.03536
1597.03281,0.03505
1596.31857,0.03474
1595.60434,0.03444
1594.8901,0.03416
1594.17586,0.0339
1593.46163,0.03366
1592.74739,0.03342
1592.03315,0.0332
1591.31892,0.03299
1590.60468,0.0328
1589.89044,0.03264
1589.17621,0.03249
1588.46197,0.03235
1587.74773,0.0322
1587.0335,0.03205
1586.31926,0.0319
1585.60503,0.03178
1584.89079,0.0317
1584.17655,0.03162
1583.46232,0.03154
1582.74808,0.03146
1582.03384,0.0314
1581.31961,0.03135
1580.60537,0.03131
1579.89113,0.03126
1579.1769,0.03117
1578.46266,0.03102
1577.74842,0.0307
1577.03419,0.0302
1576.31995,0.0298
1575.60571,0.02987
1574.89148,0.03031
1574.17724,0.03075
1573.463,0.03096
1572.74877,0.03099
1572.03453,0.03092
1571.3203,0.03076
1570.60606,0.03051
1569.89182,0.03029
1569.17759,0.03028
1568.46335,0.03049
1567.74911,0.03074
1567.03488,0.03089
1566.32064,0.03091
1565.6064,0.03087
1564.89217,0.03088
1564.17793,0.03098
1563.46369,0.03112
1562.74946,0.0312
1562.03522,0.03105
1561.32098,0.03061
1560.60675,0.02992
1559.89251,0.02926
1559.17827,0.02895
1558.46404,0.02908
1557.7498,0.02962
1557.03557,0.03034
1556.32133,0.03089
1555.60709,0.03107
1554.89286,0.03099
1554.17862,0.03099
1553.46438,0.03125
1552.75015,0.03161
1552.03591,0.03184
1551.32167,0.03189
1550.60744,0.03187
1549.8932,0.03189
1549.17896,0.032
1548.46473,0.03213
1547.75049,0.0322
1547.03625,0.03218
1546.32202,0.03205
1545.60778,0.03189
1544.89354,0.03179
1544.17931,0.03177
1543.46507,0.03171
1542.75084,0.03152
1542.0366,0.03132
1541.32236,0.03118
1540.60813,0.03104
1539.89389,0.0309
1539.17965,0.031
1538.46542,0.03148
1537.75118,0.03215
1537.03694,0.0327
1536.32271,0.03306
1535.60847,0.0332
1534.89423,0.03318
1534.18,0.0331
1533.46576,0.03317
1532.75152,0.03346
1532.03729,0.03383
1531.32305,0.03411
1530.60881,0.03426
1529.89458,0.03427
1529.18034,0.03415
1528.46611,0.03394
1527.75187,0.03373
1527.03763,0.03352
1526.3234,0.03331
1525.60916,0.03315
1524.89492,0.03311
1524.18069,0.0331
1523.46645,0.03295
1522.75221,0.03256
1522.03798,0.03206
1521.32374,0.03173
1520.6095,0.03179
1519.89527,0.03213
1519.18103,0.03243
1518.46679,0.03245
1517.75256,0.03225
1517.03832,0.03208
1516.32408,0.03208
1515.60985,0.03221
1514.89561,0.03237
1514.18138,0.03244
1513.46714,0.03241
1512.7529,0.03233
1512.03867,0.03228
1511.32443,0.03228
1510.61019,0.03224
1509.89596,0.03211
1509.18172,0.03187
1508.46748,0.03149
1507.75325,0.031
1507.03901,0.03055
1506.32477,0.03042
1505.61054,0.03072
1504.8963,0.03128
1504.18206,0.0318
1503.46783,0.03212
1502.75359,0.03223
1502.03936,0.03223
1501.32512,0.03221
1500.61088,0.03216
1499.89665,0.03204
1499.18241,0.0319
1498.46817,0.03181
1497.75394,0.03172
1497.0397,0.03158
1496.32546,0.03147
1495.61123,0.03159
1494.89699,0.03189
1494.18275,0.03217
1493.46852,0.03232
1492.75428,0.03233
1492.04004,0.03223
1491.32581,0.03205
1490.61157,0.03189
1489.89733,0.03185
1489.1831,0.03193
1488.46886,0.03204
1487.75463,0.03213
1487.04039,0.03223
1486.32615,0.03239
1485.61192,0.03256
1484.89768,0.0327
1484.18344,0.0328
1483.46921,0.0329
1482.75497,0.03302
1482.04073,0.03312
1481.3265,0.0332
1480.61226,0.03328
1479.89802,0.03339
1479.18379,0.03355
1478.46955,0.0337
1477.75531,0.03378
1477.04108,0.03379
1476.32684,0.03384
1475.6126,0.03399
1474.89837,0.03416
1474.18413,0.03427
1473.4699,0.03434
1472.75566,0.03456
1472.04142,0.03504
1471.32719,0.03576
1470.61295,0.03658
1469.89871,0.03736
1469.18448,0.03806
1468.47024,0.03872
1467.756,0.03939
1467.04177,0.04006
1466.32753,0.04069
1465.61329,0.04134
1464.89906,0.04215
1464.18482,0.04322
1463.47058,0.04447
1462.75635,0.04581
1462.04211,0.04722
1461.32787,0.04872
1460.61364,0.05029
1459.8994,0.05189
1459.18517,0.05348
1458.47093,0.05497
1457.75669,0.05633
1457.04246,0.05774
1456.32822,0.05938
1455.61398,0.06114
1454.89975,0.06281
1454.18551,0.0644
1453.47127,0.06609
1452.75704,0.06816
1452.0428,0.0708
1451.32856,0.07416
1450.61433,0.0782
1449.90009,0.08273
1449.18585,0.08736
1448.47162,0.09159
1447.75738,0.0948
1447.04314,0.0964
1446.32891,0.09621
1445.61467,0.09461
1444.90044,0.09231
1444.1862,0.0901
1443.47196,0.08862
1442.75773,0.08831
1442.04349,0.08946
1441.32925,0.09223
1440.61502,0.09665
1439.90078,0.10245
1439.18654,0.10895
1438.47231,0.11503
1437.75807,0.11948
1437.04383,0.12129
1436.3296,0.11995
1435.61536,0.1158
1434.90112,0.10967
1434.18689,0.10243
1433.47265,0.09489
1432.75841,0.0878
1432.04418,0.08153
1431.32994,0.07615
1430.61571,0.07155
1429.90147,0.06763
1429.18723,0.06436
1428.473,0.06166
1427.75876,0.05937
1427.04452,0.05735
1426.33029,0.05557
1425.61605,0.05399
1424.90181,0.05259
1424.18758,0.05138
1423.47334,0.05037
1422.7591,0.04953
1422.04487,0.04882
1421.33063,0.04809
1420.61639,0.04726
1419.90216,0.04638
1419.18792,0.04567
1418.47368,0.04524
1417.75945,0.04498
1417.04521,0.0447
1416.33098,0.04437
1415.61674,0.04402
1414.9025,0.04366
1414.18827,0.04329
1413.47403,0.04291
1412.75979,0.04253
1412.04556,0.04216
1411.33132,0.04184
1410.61708,0.04158
1409.90285,0.04135
1409.18861,0.04115
1408.47437,0.04093
1407.76014,0.04071
1407.0459,0.04046
1406.33166,0.04021
1405.61743,0.03998
1404.90319,0.0398
1404.18895,0.03971
1403.47472,0.03967
1402.76048,0.03962
1402.04625,0.03954
1401.33201,0.03944
1400.61777,0.03932
1399.90354,0.03919
1399.1893,0.03914
1398.47506,0.03921
1397.76083,0.03939
1397.04659,0.0396
1396.33235,0.03978
1395.61812,0.03997
1394.90388,0.04032
1394.18964,0.04093
1393.47541,0.04173
1392.76117,0.04242
1392.04693,0.04273
1391.3327,0.04255
1390.61846,0.042
1389.90422,0.04127
1389.18999,0.04051
1388.47575,0.03978
1387.76152,0.03916
1387.04728,0.03872
1386.33304,0.03846
1385.61881,0.03829
1384.90457,0.03814
1384.19033,0.038
1383.4761,0.03787
1382.76186,0.03778
1382.04762,0.0377
1381.33339,0.0376
1380.61915,0.03749
1379.90491,0.03739
1379.19068,0.0373
1378.47644,0.03724
1377.7622,0.0372
1377.04797,0.03717
1376.33373,0.03711
1375.61949,0.03703
1374.90526,0.03694
1374.19102,0.03686
1373.47679,0.03684
1372.76255,0.03688
1372.04831,0.03696
1371.33408,0.03703
1370.61984,0.03709
1369.9056,0.03713
1369.19137,0.03716
1368.47713,0.03718
1367.76289,0.0372
1367.04866,0.03723
1366.33442,0.03726
1365.62018,0.03729
1364.90595,0.03732
1364.19171,0.03731
1363.47747,0.0373
1362.76324,0.03732
1362.049,0.03739
1361.33476,0.03749
1360.62053,0.03759
1359.90629,0.03768
1359.19206,0.03776
1358.47782,0.03781
1357.76358,0.03786
1357.04935,0.0379
1356.33511,0.03798
1355.62087,0.03811
1354.90664,0.03832
1354.1924,0.03862
1353.47816,0.03903
1352.76393,0.03953
1352.04969,0.04004
1351.33545,0.04047
1350.62122,0.04073
1349.90698,0.04078
1349.19274,0.04066
1348.47851,0.04043
1347.76427,0.04017
1347.05003,0.03996
1346.3358,0.03984
1345.62156,0.0398
1344.90733,0.03987
1344.19309,0.04005
1343.47885,0.04035
1342.76462,0.04075
1342.05038,0.04125
1341.33614,0.04184
1340.62191,0.04249
1339.90767,0.04308
1339.19343,0.04351
1338.4792,0.04367
1337.76496,0.04352
1337.05072,0.04312
1336.33649,0.04258
1335.62225,0.042
1334.90801,0.04145
1334.19378,0.04095
1333.47954,0.04052
1332.76531,0.04017
1332.05107,0.03989
1331.33683,0.03968
1330.6226,0.03955
1329.90836,0.03951
1329.19412,0.03956
1328.47989,0.03971
1327.76565,0.03997
1327.05141,0.04036
1326.33718,0.04096
1325.62294,0.0419
1324.9087,0.0433
1324.19447,0.04526
1323.48023,0.04768
1322.76599,0.05015
1322.05176,0.05199
1321.33752,0.05257
1320.62328,0.05173
1319.90905,0.04993
1319.19481,0.0478
1318.48058,0.04587
1317.76634,0.04431
1317.0521,0.04315
1316.33787,0.04232
1315.62363,0.04172
1314.90939,0.04128
1314.19516,0.04097
1313.48092,0.04077
1312.76668,0.04067
1312.05245,0.04063
1311.33821,0.0406
1310.62397,0.04055
1309.90974,0.04047
1309.1955,0.04035
1308.48126,0.04018
1307.76703,0.03993
1307.05279,0.03965
1306.33855,0.03934
1305.62432,0.03904
1304.91008,0.03875
1304.19585,0.03847
1303.48161,0.0382
1302.76737,0.03796
1302.05314,0.03776
1301.3389,0.03762
1300.62466,0.03752
1299.91043,0.03743
1299.19619,0.03734
1298.48195,0.03725
1297.76772,0.03715
1297.05348,0.03706
1296.33924,0.03695
1295.62501,0.03686
1294.91077,0.03679
1294.19653,0.03675
1293.4823,0.03672
1292.76806,0.03668
1292.05382,0.03661
1291.33959,0.03655
1290.62535,0.03651
1289.91112,0.03649
1289.19688,0.03645
1288.48264,0.03639
1287.76841,0.03632
1287.05417,0.03628
1286.33993,0.03628
1285.6257,0.0363
1284.91146,0.03632
1284.19722,0.03635
1283.48299,0.03639
1282.76875,0.03645
1282.05451,0.03652
1281.34028,0.03659
1280.62604,0.03665
1279.9118,0.03669
1279.19757,0.03675
1278.48333,0.03686
1277.76909,0.03701
1277.05486,0.03721
1276.34062,0.03741
1275.62639,0.03765
1274.91215,0.03795
1274.19791,0.03832
1273.48368,0.03876
1272.76944,0.03927
1272.0552,0.03989
1271.34097,0.04064
1270.62673,0.04157
1269.91249,0.04273
1269.19826,0.04416
1268.48402,0.04589
1267.76978,0.04788
1267.05555,0.05
1266.34131,0.052
1265.62707,0.05355
1264.91284,0.05435
1264.1986,0.0543
1263.48436,0.05349
1262.77013,0.05216
1262.05589,0.05058
1261.34166,0.04893
1260.62742,0.04735
1259.91318,0.04591
1259.19895,0.04463
1258.48471,0.04354
1257.77047,0.04262
1257.05624,0.04185
1256.342,0.04121
1255.62776,0.04068
1254.91353,0.04026
1254.19929,0.03994
1253.48505,0.03969
1252.77082,0.03949
1252.05658,0.03931
1251.34234,0.03914
1250.62811,0.03901
1249.91387,0.03892
1249.19963,0.03888
1248.4854,0.03889
1247.77116,0.03893
1247.05693,0.03898
1246.34269,0.03906
1245.62845,0.03918
1244.91422,0.03936
1244.19998,0.03963
1243.48574,0.03998
1242.77151,0.04035
1242.05727,0.04066
1241.34303,0.04082
1240.6288,0.04079
1239.91456,0.0406
1239.20032,0.04027
1238.48609,0.03987
1237.77185,0.03946
1237.05761,0.03909
1236.34338,0.03878
1235.62914,0.03852
1234.9149,0.03829
1234.20067,0.03807
1233.48643,0.03788
1232.7722,0.03772
1232.05796,0.03759
1231.34372,0.03745
1230.62949,0.03732
1229.91525,0.0372
1229.20101,0.03712
1228.48678,0.03704
1227.77254,0.03698
1227.0583,0.03692
1226.34407,0.03687
1225.62983,0.03682
1224.91559,0.03677
1224.20136,0.03672
1223.48712,0.03669
1222.77288,0.03668
1222.05865,0.03667
1221.34441,0.03662
1220.63017,0.03655
1219.91594,0.03646
1219.2017,0.03637
1218.48747,0.03628
1217.77323,0.0362
1217.05899,0.03611
1216.34476,0.03601
1215.63052,0.03592
1214.91628,0.03584
1214.20205,0.0358
1213.48781,0.03579
1212.77357,0.03579
1212.05934,0.03579
1211.3451,0.03579
1210.63086,0.03578
1209.91663,0.03579
1209.20239,0.03582
1208.48815,0.03587
1207.77392,0.03593
1207.05968,0.03597
1206.34544,0.036
1205.63121,0.03603
1204.91697,0.03608
1204.20274,0.03615
1203.4885,0.03622
1202.77426,0.03625
1202.06003,0.03624
1201.34579,0.03618
1200.63155,0.03612
1199.91732,0.03608
1199.20308,0.03606
1198.48884,0.03602
1197.77461,0.03595
1197.06037,0.03586
1196.34613,0.03576
1195.6319,0.0357
1194.91766,0.03569
1194.20342,0.03569
1193.48919,0.03566
1192.77495,0.03558
1192.06071,0.03552
1191.34648,0.03549
1190.63224,0.03548
1189.91801,0.03548
1189.20377,0.03548
1188.48953,0.03548
1187.7753,0.03548
1187.06106,0.03547
1186.34682,0.03547
1185.63259,0.03547
1184.91835,0.03548
1184.20411,0.03549
1183.48988,0.03551
1182.77564,0.03553
1182.0614,0.03556
1181.34717,0.03558
1180.63293,0.0356
1179.91869,0.03562
1179.20446,0.03564
1178.49022,0.03564
1177.77599,0.03564
1177.06175,0.03562
1176.34751,0.03561
1175.63328,0.03562
1174.91904,0.03565
1174.2048,0.03572
1173.49057,0.03581
1172.77633,0.03589
1172.06209,0.03596
1171.34786,0.036
1170.63362,0.03604
1169.91938,0.03607
1169.20515,0.03612
1168.49091,0.03619
1167.77667,0.03628
1167.06244,0.0364
1166.3482,0.03651
1165.63396,0.03664
1164.91973,0.0368
1164.20549,0.03699
1163.49126,0.03719
1162.77702,0.03738
1162.06278,0.03759
1161.34855,0.03781
1160.63431,0.03803
1159.92007,0.03824
1159.20584,0.03844
1158.4916,0.0386
1157.77736,0.03872
1157.06313,0.03882
1156.34889,0.03896
1155.63465,0.03912
1154.92042,0.03931
1154.20618,0.03951
1153.49194,0.03973
1152.77771,0.03995
1152.06347,0.04018
1151.34923,0.04044
1150.635,0.04071
1149.92076,0.041
1149.20653,0.04133
1148.49229,0.04173
1147.77805,0.04221
1147.06382,0.04279
1146.34958,0.0435
1145.63534,0.0444
1144.92111,0.04553
1144.20687,0.04695
1143.49263,0.04878
1142.7784,0.05116
1142.06416,0.0543
1141.34992,0.05849
1140.63569,0.06407
1139.92145,0.07139
1139.20721,0.08042
1138.49298,0.09026
1137.77874,0.09888
1137.0645,0.10377
1136.35027,0.1034
1135.63603,0.09817
1134.9218,0.09007
1134.20756,0.08133
1133.49332,0.07344
1132.77909,0.06695
1132.06485,0.06186
1131.35061,0.05791
1130.63638,0.05486
1129.92214,0.05249
1129.2079,0.05062
1128.49367,0.04909
1127.77943,0.04783
1127.06519,0.04681
1126.35096,0.04598
1125.63672,0.04532
1124.92248,0.04475
1124.20825,0.04424
1123.49401,0.04378
1122.77977,0.04337
1122.06554,0.04303
1121.3513,0.04276
1120.63707,0.04253
1119.92283,0.0423
1119.20859,0.04208
1118.49436,0.0419
1117.78012,0.04177
1117.06588,0.04169
1116.35165,0.04163
1115.63741,0.04162
1114.92317,0.04164
1114.20894,0.04169
1113.4947,0.04176
1112.78046,0.04183
1112.06623,0.04184
1111.35199,0.04177
1110.63775,0.04165
1109.92352,0.04151
1109.20928,0.0414
1108.49504,0.04134
1107.78081,0.04129
1107.06657,0.04122
1106.35234,0.04112
1105.6381,0.04102
1104.92386,0.04095
1104.20963,0.04088
1103.49539,0.0408
1102.78115,0.04073
1102.06692,0.04067
1101.35268,0.04064
1100.63844,0.04064
1099.92421,0.04066
1099.20997,0.04068
1098.49573,0.04068
1097.7815,0.04067
1097.06726,0.04065
1096.35302,0.04063
1095.63879,0.04063
1094.92455,0.04066
1094.21031,0.04071
1093.49608,0.04076
1092.78184,0.04081
1092.06761,0.04084
1091.35337,0.04087
1090.63913,0.0409
1089.9249,0.04093
1089.21066,0.04095
1088.49642,0.04098
1087.78219,0.041
1087.06795,0.04099
1086.35371,0.04097
1085.63948,0.04096
1084.92524,0.041
1084.211,0.04104
1083.49677,0.04106
1082.78253,0.04107
1082.06829,0.0411
1081.35406,0.04114
1080.63982,0.04121
1079.92558,0.04128
1079.21135,0.04137
1078.49711,0.04146
1077.78288,0.04152
1077.06864,0.04155
1076.3544,0.04156
1075.64017,0.04158
1074.92593,0.04162
1074.21169,0.04169
1073.49746,0.04177
1072.78322,0.04185
1072.06898,0.04192
1071.35475,0.04197
1070.64051,0.04201
1069.92627,0.04206
1069.21204,0.04212
1068.4978,0.0422
1067.78356,0.04228
1067.06933,0.04236
1066.35509,0.04246
1065.64085,0.04261
1064.92662,0.04282
1064.21238,0.04307
1063.49815,0.04332
1062.78391,0.04356
1062.06967,0.04376
1061.35544,0.04389
1060.6412,0.04396
1059.92696,0.04397
1059.21273,0.04394
1058.49849,0.0439
1057.78425,0.04384
1057.07002,0.04382
1056.35578,0.04385
1055.64154,0.04391
1054.92731,0.04398
1054.21307,0.04403
1053.49883,0.04408
1052.7846,0.04413
1052.07036,0.0442
1051.35612,0.04429
1050.64189,0.04442
1049.92765,0.04458
1049.21342,0.04477
1048.49918,0.04503
1047.78494,0.04537
1047.07071,0.04581
1046.35647,0.04633
1045.64223,0.04692
1044.928,0.04764
1044.21376,0.04853
1043.49952,0.04966
1042.78529,0.0511
1042.07105,0.05294
1041.35681,0.05525
1040.64258,0.05809
1039.92834,0.06145
1039.2141,0.06521
1038.49987,0.06902
1037.78563,0.07237
1037.07139,0.07471
1036.35716,0.07562
1035.64292,0.07505
1034.92869,0.07322
1034.21445,0.07058
1033.50021,0.06756
1032.78598,0.06453
1032.07174,0.06173
1031.3575,0.05927
1030.64327,0.05715
1029.92903,0.05532
1029.21479,0.05378
1028.50056,0.05251
1027.78632,0.05146
1027.07208,0.05056
1026.35785,0.04977
1025.64361,0.04908
1024.92937,0.04848
1024.21514,0.04796
1023.5009,0.04748
1022.78666,0.04705
1022.07243,0.04667
1021.35819,0.04633
1020.64396,0.04605
1019.92972,0.04582
1019.21548,0.04563
1018.50125,0.04545
1017.78701,0.04529
1017.07277,0.0452
1016.35854,0.04518
1015.6443,0.0452
1014.93006,0.04527
1014.21583,0.04541
1013.50159,0.04564
1012.78735,0.04594
1012.07312,0.0463
1011.35888,0.04671
1010.64464,0.04712
1009.93041,0.04748
1009.21617,0.04776
1008.50194,0.04794
1007.7877,0.04799
1007.07346,0.04793
1006.35923,0.04776
1005.64499,0.04751
1004.93075,0.04721
1004.21652,0.04687
1003.50228,0.04652
1002.78804,0.04617
1002.07381,0.04585
1001.35957,0.04558
1000.64533,0.04535
999.9311,0.04513
999.21686,0.0449
998.50262,0.04465
997.78839,0.04442
997.07415,0.04423
996.35991,0.04408
995.64568,0.04393
994.93144,0.04375
994.21721,0.04354
993.50297,0.04333
992.78873,0.04314
992.0745,0.04294
991.36026,0.04273
990.64602,0.04252
989.93179,0.04232
989.21755,0.04214
988.50331,0.04196
987.78908,0.04177
987.07484,0.04158
986.3606,0.04139
985.64637,0.04119
984.93213,0.04099
984.21789,0.04079
983.50366,0.04062
982.78942,0.04047
982.07518,0.04034
981.36095,0.04019
980.64671,0.04002
979.93248,0.03987
979.21824,0.03973
978.504,0.0396
977.78977,0.03947
977.07553,0.03934
976.36129,0.0392
975.64706,0.03908
974.93282,0.03899
974.21858,0.03892
973.50435,0.03885
972.79011,0.03877
972.07587,0.03867
971.36164,0.03857
970.6474,0.03851
969.93316,0.03847
969.21893,0.03841
968.50469,0.03834
967.79045,0.03826
967.07622,0.03819
966.36198,0.03812
965.64775,0.03806
964.93351,0.03802
964.21927,0.038
963.50504,0.03799
962.7908,0.03797
962.07656,0.03792
961.36233,0.03786
960.64809,0.03781
959.93385,0.03776
959.21962,0.03772
958.50538,0.03769
957.79114,0.03767
957.07691,0.03764
956.36267,0.03761
955.64843,0.03757
954.9342,0.03754
954.21996,0.03752
953.50572,0.03752
952.79149,0.03756
952.07725,0.03764
951.36302,0.03775
950.64878,0.03788
949.93454,0.03801
949.22031,0.03812
948.50607,0.0382
947.79183,0.03826
947.0776,0.03828
946.36336,0.03826
945.64912,0.03821
944.93489,0.03815
944.22065,0.03808
943.50641,0.038
942.79218,0.03791
942.07794,0.03781
941.3637,0.03771
940.64947,0.03761
939.93523,0.03753
939.22099,0.03748
938.50676,0.03745
937.79252,0.03743
937.07829,0.03742
936.36405,0.03743
935.64981,0.03745
934.93558,0.03747
934.22134,0.03753
933.5071,0.03763
932.79287,0.03775
932.07863,0.03787
931.36439,0.038
930.65016,0.03817
929.93592,0.03838
929.22168,0.03863
928.50745,0.03892
927.79321,0.03927
927.07897,0.03969
926.36474,0.0402
925.6505,0.04081
924.93626,0.04159
924.22203,0.04258
923.50779,0.04388
922.79356,0.04556
922.07932,0.04776
921.36508,0.0507
920.65085,0.05471
919.93661,0.06016
919.22237,0.06728
918.50814,0.07587
917.7939,0.08491
917.07966,0.09253
916.36543,0.09661
915.65119,0.09602
914.93695,0.09133
914.22272,0.08433
913.50848,0.07692
912.79424,0.07029
912.08001,0.06489
911.36577,0.06068
910.65153,0.05754
909.9373,0.05531
909.22306,0.05388
908.50883,0.05314
907.79459,0.05301
907.08035,0.05341
906.36612,0.05427
905.65188,0.05539
904.93764,0.05643
904.22341,0.05698
903.50917,0.05672
902.79493,0.05556
902.0807,0.05367
901.36646,0.05143
900.65222,0.0492
899.93799,0.0472
899.22375,0.04553
898.50951,0.04416
897.79528,0.04304
897.08104,0.04214
896.3668,0.04141
895.65257,0.0408
894.93833,0.04031
894.2241,0.03993
893.50986,0.03964
892.79562,0.03942
892.08139,0.03927
891.36715,0.03919
890.65291,0.03915
889.93868,0.03916
889.22444,0.03924
888.5102,0.03941
887.79597,0.03967
887.08173,0.04003
886.36749,0.04047
885.65326,0.04101
884.93902,0.0417
884.22478,0.0426
883.51055,0.0438
882.79631,0.04539
882.08207,0.04753
881.36784,0.05045
880.6536,0.05439
879.93937,0.05957
879.22513,0.06606
878.51089,0.07355
877.79666,0.08116
877.08242,0.08749
876.36818,0.09118
875.65395,0.09154
874.93971,0.08888
874.22547,0.08419
873.51124,0.07859
872.797,0.07293
872.08276,0.06769
871.36853,0.06309
870.65429,0.05917
869.94005,0.05586
869.22582,0.05306
868.51158,0.05072
867.79734,0.04881
867.08311,0.04725
866.36887,0.04595
865.65464,0.04486
864.9404,0.04395
864.22616,0.04321
863.51193,0.04257
862.79769,0.04197
862.08345,0.0414
861.36922,0.04089
860.65498,0.04047
859.94074,0.04012
859.22651,0.03982
858.51227,0.03958
857.79803,0.0394
857.0838,0.03922
856.36956,0.03901
855.65532,0.03878
854.94109,0.03858
854.22685,0.03842
853.51261,0.0383
852.79838,0.03819
852.08414,0.03807
851.36991,0.03793
850.65567,0.03777
849.94143,0.03762
849.2272,0.03751
848.51296,0.03741
847.79872,0.03732
847.08449,0.03723
846.37025,0.03717
845.65601,0.03712
844.94178,0.03709
844.22754,0.03706
843.5133,0.03704
842.79907,0.03701
842.08483,0.03696
841.37059,0.03692
840.65636,0.0369
839.94212,0.03691
839.22789,0.03694
838.51365,0.03698
837.79941,0.03702
837.08518,0.03703
836.37094,0.037
835.6567,0.03695
834.94247,0.03691
834.22823,0.0369
833.51399,0.03689
832.79976,0.03686
832.08552,0.03682
831.37128,0.03681
830.65705,0.03681
829.94281,0.03682
829.22857,0.03682
828.51434,0.03681
827.8001,0.03678
827.08586,0.03676
826.37163,0.03675
825.65739,0.03675
824.94316,0.03676
824.22892,0.03678
823.51468,0.03681
822.80045,0.03684
822.08621,0.03688
821.37197,0.03693
820.65774,0.03702
819.9435,0.03717
819.22926,0.03736
818.51503,0.03756
817.80079,0.03775
817.08655,0.03797
816.37232,0.03823
815.65808,0.03859
814.94384,0.03906
814.22961,0.03966
813.51537,0.04037
812.80113,0.04112
812.0869,0.04186
811.37266,0.0425
810.65843,0.043
809.94419,0.0433
809.22995,0.04335
808.51572,0.04316
807.80148,0.04277
807.08724,0.04222
806.37301,0.04158
805.65877,0.04091
804.94453,0.04027
804.2303,0.03968
803.51606,0.03915
802.80182,0.0387
802.08759,0.03836
801.37335,0.03809
800.65911,0.03786
799.94488,0.03764
799.23064,0.03745
798.5164,0.03727
797.80217,0.03709
797.08793,0.03689
796.3737,0.03669
795.65946,0.03651
794.94522,0.03637
794.23099,0.03626
793.51675,0.03616
792.80251,0.03608
792.08828,0.03602
791.37404,0.03597
790.6598,0.03593
789.94557,0.03592
789.23133,0.03592
788.51709,0.03591
787.80286,0.03589
787.08862,0.03584
786.37438,0.03579
785.66015,0.03574
784.94591,0.03571
784.23167,0.03567
783.51744,0.03563
782.8032,0.03559
782.08897,0.03556
781.37473,0.03555
780.66049,0.03554
779.94626,0.03553
779.23202,0.03552
778.51778,0.03551
777.80355,0.0355
777.08931,0.03547
776.37507,0.03545
775.66084,0.03545
774.9466,0.03547
774.23236,0.03545
773.51813,0.0354
772.80389,0.03535
772.08965,0.03534
771.37542,0.03537
770.66118,0.03542
769.94694,0.03546
769.23271,0.03549
768.51847,0.03549
767.80424,0.03546
767.09,0.03543
766.37576,0.03541
765.66153,0.03537
764.94729,0.03535
764.23305,0.03536
763.51882,0.03542
762.80458,0.03551
762.09034,0.03557
761.37611,0.0356
760.66187,0.0356
759.94763,0.03559
759.2334,0.03557
758.51916,0.03558
757.80492,0.03563
757.09069,0.03571
756.37645,0.0358
755.66221,0.03586
754.94798,0.03591
754.23374,0.03595
753.51951,0.036
752.80527,0.03604
752.09103,0.03607
751.3768,0.0361
750.66256,0.03613
749.94832,0.03617
749.23409,0.03621
748.51985,0.03625
747.80561,0.03632
747.09138,0.03641
746.37714,0.0365
745.6629,0.03656
744.94867,0.03659
744.23443,0.03661
743.52019,0.03668
742.80596,0.03679
742.09172,0.03691
741.37748,0.03703
740.66325,0.03715
739.94901,0.03729
739.23478,0.03744
738.52054,0.03761
737.8063,0.0378
737.09207,0.03802
736.37783,0.03823
735.66359,0.03845
734.94936,0.03872
734.23512,0.03906
733.52088,0.03946
732.80665,0.0399
732.09241,0.0404
731.37817,0.04098
730.66394,0.04164
729.9497,0.04236
729.23546,0.04317
728.52123,0.04412
727.80699,0.04523
727.09275,0.04653
726.37852,0.04807
725.66428,0.04999
724.95005,0.05245
724.23581,0.05564
723.52157,0.0598
722.80734,0.06525
722.0931,0.07243
721.37886,0.08169
720.66463,0.09312
719.95039,0.10599
719.23615,0.11843
718.52192,0.12761
717.80768,0.13102
717.09344,0.12796
716.37921,0.11995
715.66497,0.10959
714.95073,0.09908
714.2365,0.08962
713.52226,0.08158
712.80802,0.07492
712.09379,0.06944
711.37955,0.06493
710.66532,0.06124
709.95108,0.05821
709.23684,0.05573
708.52261,0.05368
707.80837,0.05198
707.09413,0.05057
706.3799,0.04942
705.66566,0.04846
704.95142,0.04762
704.23719,0.04686
703.52295,0.04622
702.80871,0.0457
702.09448,0.04528
701.38024,0.04492
700.666,0.0446
699.95177,0.04432
699.23753,0.04404
698.52329,0.04375
697.80906,0.04351
697.09482,0.04335
696.38059,0.04323
695.66635,0.04311
694.95211,0.04296
694.23788,0.04281
693.52364,0.04271
692.8094,0.04268
692.09517,0.04274
691.38093,0.04284
690.66669,0.04294
689.95246,0.04302
689.23822,0.04309
688.52398,0.04318
687.80975,0.04334
687.09551,0.04358
686.38127,0.04386
685.66704,0.04414
684.9528,0.04437
684.23856,0.04461
683.52433,0.04493
682.81009,0.04537
682.09586,0.04592
681.38162,0.04654
680.66738,0.04721
679.95315,0.0479
679.23891,0.0486
678.52467,0.04934
677.81044,0.05016
677.0962,0.05105
676.38196,0.05196
675.66773,0.05286
674.95349,0.0537
674.23925,0.05449
673.52502,0.05518
672.81078,0.05574
672.09654,0.05616
671.38231,0.05647
670.66807,0.0567
669.95384,0.05684
669.2396,0.05685
668.52536,0.05678
667.81113,0.05674
667.09689,0.05683
666.38265,0.05701
665.66842,0.05713
664.95418,0.05712
664.23994,0.057
663.52571,0.05682
662.81147,0.05666
662.09723,0.05659
661.383,0.05664
660.66876,0.05675
659.95452,0.05685
659.24029,0.05695
658.52605,0.05712
657.81181,0.05744
657.09758,0.05788
656.38334,0.05837
655.66911,0.05888
654.95487,0.05946
654.24063,0.06022
653.5264,0.06124
652.81216,0.06247
652.09792,0.06387
651.38369,0.06546
650.66945,0.06736
649.95521,0.06968
649.24098,0.07242
648.52674,0.07556
647.8125,0.07915
647.09827,0.08332
646.38403,0.08818
645.66979,0.09384
644.95556,0.10042
644.24132,0.108
643.52708,0.11662
642.81285,0.1262
642.09861,0.13653
641.38438,0.14716
640.67014,0.15736
639.9559,0.16618
639.24167,0.17263
638.52743,0.17602
637.81319,0.17608
637.09896,0.17297
636.38472,0.16723
635.67048,0.15964
634.95625,0.15104
634.24201,0.14217
633.52777,0.13349
632.81354,0.12527
632.0993,0.11766
631.38506,0.11075
630.67083,0.10459
629.95659,0.0991
629.24235,0.09419
628.52812,0.08978
627.81388,0.08587
627.09965,0.08248
626.38541,0.07955
625.67117,0.07695
624.95694,0.07455
624.2427,0.0723
623.52846,0.07024
622.81423,0.06844
622.09999,0.06694
621.38575,0.06567
620.67152,0.06455
619.95728,0.06354
619.24304,0.06265
618.52881,0.06187
617.81457,0.06115
617.10033,0.06047
616.3861,0.05981
615.67186,0.05915
614.95762,0.05847
614.24339,0.05776
613.52915,0.05708
612.81492,0.05645
612.10068,0.05583
611.38644,0.05518
610.67221,0.05455
609.95797,0.05399
609.24373,0.05352
608.5295,0.05311
607.81526,0.05275
607.10102,0.0524
606.38679,0.05207
605.67255,0.05177
604.95831,0.05149
604.24408,0.05118
603.52984,0.05079
602.8156,0.05035
602.10137,0.04991
601.38713,0.04961
600.67289,0.04954
599.95866,0.04962
599.24442,0.04965
598.53019,0.04953
597.81595,0.0493
597.10171,0.04906
596.38748,0.04888
595.67324,0.04871
594.959,0.04845
594.24477,0.04803
593.53053,0.04754
592.81629,0.04724
592.10206,0.04723
591.38782,0.04733
590.67358,0.0472
589.95935,0.04676
589.24511,0.04628
588.53087,0.04611
587.81664,0.04634
587.1024,0.04677
586.38816,0.04707
585.67393,0.04714
584.95969,0.04712
584.24546,0.04714
583.53122,0.04712
582.81698,0.04702
582.10275,0.04687
581.38851,0.0467
580.67427,0.0465
579.96004,0.04629
579.2458,0.04613
578.53156,0.04604
577.81733,0.04602
577.10309,0.04605
576.38885,0.04612
575.67462,0.04616
574.96038,0.04607
574.24614,0.04587
573.53191,0.04569
572.81767,0.04562
572.10343,0.04559
571.3892,0.04558
570.67496,0.04556
569.96073,0.04552
569.24649,0.04541
568.53225,0.04527
567.81802,0.04519
567.10378,0.04521
566.38954,0.04527
565.67531,0.04529
564.96107,0.04527
564.24683,0.04521
563.5326,0.04511
562.81836,0.04498
562.10412,0.04486
561.38989,0.04472
560.67565,0.04453
559.96141,0.04431
559.24718,0.04414
558.53294,0.04409
557.8187,0.04413
557.10447,0.04419
556.39023,0.04419
555.676,0.04412
554.96176,0.04397
554.24752,0.04377
553.53329,0.04358
552.81905,0.04346
552.10481,0.04342
551.39058,0.04339
550.67634,0.04333
549.9621,0.04329
549.24787,0.04332
548.53363,0.04343
547.81939,0.04354
547.10516,0.04359
546.39092,0.04358
545.67668,0.04352
544.96245,0.0434
544.24821,0.04323
543.53397,0.04305
542.81974,0.04292
542.1055,0.04287
541.39127,0.04288
540.67703,0.04292
539.96279,0.04296
539.24856,0.04298
538.53432,0.04296
537.82008,0.04292
537.10585,0.04289
536.39161,0.04286
535.67737,0.0428
534.96314,0.04269
534.2489,0.04257
533.53466,0.04252
532.82043,0.04257
532.10619,0.04265
531.39195,0.0427
530.67772,0.0427
529.96348,0.04264
529.24924,0.04253
528.53501,0.04243
527.82077,0.04235
527.10654,0.04229
526.3923,0.04221
525.67806,0.04209
524.96383,0.042
524.24959,0.04195
523.53535,0.04192
522.82112,0.04188
522.10688,0.04181
521.39264,0.04175
520.67841,0.04172
519.96417,0.04171
519.24993,0.04168
518.5357,0.04162
517.82146,0.04161
517.10722,0.04167
516.39299,0.04177
515.67875,0.0418
514.96451,0.04174
514.25028,0.04161
513.53604,0.04149
512.82181,0.04146
512.10757,0.04152
511.39333,0.04156
510.6791,0.0415
509.96486,0.04135
509.25062,0.04119
508.53639,0.04107
507.82215,0.04096
507.10791,0.04088
506.39368,0.04089
505.67944,0.04102
504.9652,0.04119
504.25097,0.04124
503.53673,0.04109
502.82249,0.04085
502.10826,0.0407
501.39402,0.04068
500.67979,0.04067
499.96555,0.04058
499.25131,0.04047
498.53708,0.0405
497.82284,0.04064
497.1086,0.04076
496.39437,0.04076
495.68013,0.04066
494.96589,0.04048
494.25166,0.04032
493.53742,0.04021
492.82318,0.04016
492.10895,0.0401
491.39471,0.04003
490.68047,0.03998
489.96624,0.03994
489.252,0.03991
488.53776,0.03984
487.82353,0.03973
487.10929,0.0396
486.39506,0.03953
485.68082,0.03953
484.96658,0.03957
484.25235,0.03954
483.53811,0.03939
482.82387,0.03921
482.10964,0.03917
481.3954,0.03928
480.68116,0.03942
479.96693,0.03949
479.25269,0.03945
478.53845,0.0393
477.82422,0.03916
477.10998,0.03916
476.39574,0.0393
475.68151,0.0394
474.96727,0.03941
474.25303,0.03939
473.5388,0.03944
472.82456,0.03952
472.11033,0.03955
471.39609,0.03951
470.68185,0.03942
469.96762,0.03936
469.25338,0.03934
468.53914,0.03936
467.82491,0.03939
467.11067,0.03939
466.39643,0.03934
465.6822,0.03931
464.96796,0.03937
464.25372,0.03951
463.53949,0.03969
462.82525,0.03986
462.11101,0.03999
461.39678,0.04012
460.68254,0.04035
459.9683,0.04074
459.25407,0.04118
458.53983,0.04161
457.8256,0.04213
457.11136,0.04291
456.39712,0.044
455.68289,0.0453
454.96865,0.04669
454.25441,0.04802
453.54018,0.04908
452.82594,0.04966
452.1117,0.04971
451.39747,0.04929
450.68323,0.0485
449.96899,0.04743
449.25476,0.04624
448.54052,0.04511
447.82628,0.04412
447.11205,0.04322
446.39781,0.04231
445.68357,0.04141
444.96934,0.04063
444.2551,0.04004
443.54087,0.03963
442.82663,0.03932
442.11239,0.0391
441.39816,0.03894
440.68392,0.03885
439.96968,0.03875
439.25545,0.03848
438.54121,0.03804
437.82697,0.03761
437.11274,0.03741
436.3985,0.03745
435.68426,0.03755
434.97003,0.03763
434.25579,0.03765
433.54155,0.03762
432.82732,0.03757
432.11308,0.03752
431.39884,0.0375
430.68461,0.03751
429.97037,0.03751
429.25614,0.03746
428.5419,0.03736
427.82766,0.03719
427.11343,0.03699
426.39919,0.03677
425.68495,0.03657
424.97072,0.03643
424.25648,0.03641
423.54224,0.03651
422.82801,0.03662
422.11377,0.03655
421.39953,0.03627
420.6853,0.03592
419.97106,0.03573
419.25682,0.03577
418.54259,0.03593
417.82835,0.03605
417.11411,0.03608
416.39988,0.03602
415.68564,0.03593
414.97141,0.03584
414.25717,0.03582
413.54293,0.03587
412.8287,0.03595
412.11446,0.03595
411.40022,0.0358
410.68599,0.03552
409.97175,0.03525
409.25751,0.03514
408.54328,0.03525
407.82904,0.03541
407.1148,0.03542
406.40057,0.03527
405.68633,0.03513
404.97209,0.03503
404.25786,0.03487
403.54362,0.03465
402.82938,0.03446
402.11515,0.03439
401.40091,0.03443
400.68668,0.03455
399.97244,0.03465
400.68668,0.03455
399.97244,0.03465
